id,description,tags
999999,"Favorite movies, with this person's rating and each movie's most-used tags: Harry Potter and the Chamber of Secrets (2002) (rated 4.5): magic, fantasy, harry potter, based on a book, fantasy world, wizards, adventure, alan rickman, emma watson, witch; Parasite (2019) (rated 4.5): dark comedy, social commentary, intense, twists & turns, black comedy, social satire, class themes, korean, intelligent, great writing; Inside Out (2015) (rated 4.0): psychology, pixar, creative, imaginative, coming of age, emotions, animation, introspective, childhood, bittersweet; How to Train Your Dragon (2010) (rated 4.0): dragons, fantasy, animation, friendship, cute, vikings, adventure, depth of emotion, funny, predictable; Mulan (1998) (rated 4.0): strong female lead, disney, animation, china, musical, great soundtrack, feminism, chinese culture, cross dressing, eddie murphy; Coco (2017) (rated 4.0): music, colorful, pixar, animation, family, mexico, heartwarming, disney, death, afterlife; Avatar (2009) (rated 3.5): sci-fi, futuristic, beautiful scenery, visually stunning, aliens, predictable, graphic design, thought-provoking, james cameron, 3d; Bug's Life, A (1998) (rated 3.5): pixar, animation, disney, funny, story, animated, insects, inventor, fighting the system, talking animals; Kung Fu Panda (2008) (rated 3.5): animation, comedy, kung fu, martial arts, funny, pixar, jack black, anti-hero, underdog, animals; Zootopia (2016) (rated 3.5): social commentary, funny, racism, xenophobia, visually stunning, cute, creative, tolerance, friendship, attention to detail. Least favorite movies, the same way: Little Mermaid, The (1989) (rated 2.5): disney, animation, mermaid, talking animals, great soundtrack, teenage rebellion, oscar (best music - original song), musical, ocean, underwater; Frozen (2013) (rated 3.0): musical, disney, animation, feminist, beautiful, music, sisters, siblings, magic, ice; Maleficent (2014) (rated 3.0): fairy tale, visual effects, angelina jolie, strong female lead, fantasy, sleeping beauty, disney, non-romantic love, twist ending, dragon; Crazy Rich Asians (2018) (rated 3.0): romantic comedy, asian culture, visually appealing, wealth, romance, awkwafina, chinese culture, romcom, asian, asian american; Avatar (2009) (rated 3.5): sci-fi, futuristic, beautiful scenery, visually stunning, aliens, predictable, graphic design, thought-provoking, james cameron, 3d; Bug's Life, A (1998) (rated 3.5): pixar, animation, disney, funny, story, animated, insects, inventor, fighting the system, talking animals; Kung Fu Panda (2008) (rated 3.5): animation, comedy, kung fu, martial arts, funny, pixar, jack black, anti-hero, underdog, animals; Zootopia (2016) (rated 3.5): social commentary, funny, racism, xenophobia, visually stunning, cute, creative, tolerance, friendship, attention to detail; Tangled (2010) (rated 3.5): fairy tale, animation, visually appealing, disney, musical, singing, comedy, mother daughter relationship, songs, weak villain; Moana (2016) (rated 3.5): musical, animation, beautiful, disney, adventure, strong female lead, mythology, ocean, polynesian, magic.",adventure|aliens|animation|anti-hero|based on a book|beautiful|beautiful scenery|bittersweet|black comedy|comedy|coming of age|cute|dark comedy|death|disney|fairy tale|family|fantasy|fantasy world|feminism|friendship|funny|futuristic|great soundtrack|heartwarming|imaginative|intelligent|intense|magic|martial arts|music|musical|mythology|pixar|predictable|psychology|racism|romance|romantic comedy|sci-fi|social commentary|strong female lead|thought-provoking|twist ending|twists & turns|visually appealing|visually stunning
11912,"Favorite movies, with this person's rating and each movie's most-used tags: Lord of the Rings: The Return of the King, The (2003) (rated 5.0): fantasy, adventure, high fantasy, epic, magic, tolkien, fantasy world, based on a book, epic adventure, great ending; Gladiator (2000) (rated 5.0): russell crowe, epic, rome, history, action, heroism, ridley scott, roman empire, sword fight, hans zimmer; Batman Begins (2005) (rated 5.0): superhero, christian bale, batman, dark, atmospheric, action, thought-provoking, christopher nolan, morgan freeman, vigilante; Ocean's Eleven (2001) (rated 5.0): heist, witty, brad pitt, george clooney, plot twist, matt damon, smart action, crime, feel good movie, casino; Departed, The (2006) (rated 5.0): leonardo dicaprio, martin scorsese, organized crime, twist ending, jack nicholson, suspense, undercover cop, matt damon, atmospheric, psychology; No Country for Old Men (2007) (rated 5.0): great acting, coen brothers, dark, suspense, thriller, tension, atmospheric, twist ending, tommy lee jones, serial killer; Shaun of the Dead (2004) (rated 5.0): zombies, black comedy, british comedy, simon pegg, dark humor, parody, dark comedy, british, comedy, edgar wright; Superbad (2007) (rated 5.0): comedy, hilarious, seth rogen, michael cera, crude humor, friendship, high school, emma stone, highly quotable, self discovery; Taken (2008) (rated 5.0): action, liam neeson, revenge, thriller, fight scenes, father daughter relationship, kidnapping, espionage, cia, happy ending; Blood Diamond (2006) (rated 5.0): leonardo dicaprio, corruption, africa, civil war, jennifer connelly, journalism, smuggling, action, war, slavery. Least favorite movies, the same way: Resident Evil (2002) (rated 2.5): zombies, milla jovovich, zombie, virus, video game adaptation, action, resident evil, outbreak, apocalypse, michelle rodriguez; Team America: World Police (2004) (rated 2.5): satire, hilarious, political commentary, trey parker, puppets, irreverent, stupid, south park, bizarre, gross-out; Jackass: The Movie (2002) (rated 2.5): stupid, crazy, based on a tv show, funny, simply: why???, johnny knoxville, disgust, masochism, mousetrap, mtv; Cast Away (2000) (rated 3.0): tom hanks, survival, adventure, psychological, stranded, man vs. nature, loneliness, island, drama, unique; Borat: Cultural Learnings of America for Make Benefit Glorious Nation of Kazakhstan (2006) (rated 3.0): satire, mockumentary, crude humor, controversial, social commentary, sacha baron cohen, funny, road trip, comedy, male nudity; Bruce Almighty (2003) (rated 3.0): jim carrey, comedy, god, religion, morgan freeman, funny, jennifer aniston, fantasy, steve carell, humorous; Aviator, The (2004) (rated 3.0): leonardo dicaprio, biography, martin scorsese, aviation, true story, mental illness, biopic, cate blanchett, historical, howard hughes; Tropic Thunder (2008) (rated 3.0): satire, robert downey jr., parody, ben stiller, funny, tom cruise, jack black, movie within a movie, fake trailers, vietnam war; Dodgeball: A True Underdog Story (2004) (rated 3.0): ben stiller, vince vaughn, hilarious, comedy, idiotic, obscure sports, sports, underdog, funny, cheerleading; Blade II (2002) (rated 3.0): vampires, guillermo del toro, vampire, marvel, comic book, ron perlman, wesley snipes, swords, violence, action.",action|adventure|apocalypse|atmospheric|based on a book|batman|biography|black comedy|brad pitt|british|british comedy|christian bale|christopher nolan|coen brothers|comedy|comic book|controversial|corruption|crime|crude humor|dark|dark comedy|dark humor|drama|epic|espionage|fantasy|fantasy world|feel good movie|friendship|funny|george clooney|great acting|great ending|happy ending|heist|high school|hilarious|historical|history|humorous|jack nicholson|jim carrey|leonardo dicaprio|loneliness|magic|martin scorsese|marvel|matt damon|mental illness|mockumentary|morgan freeman|organized crime|parody|plot twist|psychological|psychology|religion|revenge|road trip|robert downey jr.|satire|serial killer|social commentary|stupid|superhero|survival|suspense|thought-provoking|thriller|tom cruise|tom hanks|true story|twist ending|unique|vampires|violence|war|witty|zombies
23753,"Favorite movies, with this person's rating and each movie's most-used tags: Raiders of the Lost Ark (Indiana Jones and the Raiders of the Lost Ark) (1981) (rated 5.0): adventure, indiana jones, harrison ford, archaeology, steven spielberg, action, classic, nazis, treasure hunt, comedy; Star Trek II: The Wrath of Khan (1982) (rated 5.0): star trek, space, sci-fi, william shatner, leonard nimoy, sacrifice, midlife crisis, space opera, brainwashing, science fiction; Star Wars: Episode VI - Return of the Jedi (1983) (rated 4.5): sci-fi, star wars, space, harrison ford, adventure, fantasy, george lucas, action, great soundtrack, classic; Shining, The (1980) (rated 4.5): psychological, stanley kubrick, jack nicholson, atmospheric, stephen king, visually appealing, disturbing, cult film, suspense, horror; Tombstone (1993) (rated 4.5): western, val kilmer, dialogue, doc holliday, gunfight, cowboys, great acting, gritty, kurt russell, great cast; Shawshank Redemption, The (1994) (rated 4.0): morgan freeman, inspirational, twist ending, thought-provoking, prison escape, prison, friendship, great ending, stephen king, classic; Big (1988) (rated 4.0): tom hanks, comedy, child as adult, new york city, switching places, 1980s, being a kid again, coming of age, toys, toy store; Happy Gilmore (1996) (rated 4.0): adam sandler, golf, comedy, sports, bob barker, underdog, funny, goofy, seen more than once, you're gonna die clown; Maverick (1994) (rated 4.0): mel gibson, poker, jodie foster, con men, comedy, western, funny, gambling, james garner, riverboat; Amadeus (1984) (rated 3.5): classical music, mozart, music, historical, biography, 18th century, true story, oscar (best picture), drama, history. Least favorite movies, the same way: Schindler's List (1993) (rated 3.0): holocaust, world war ii, true story, steven spielberg, based on a true story, thought-provoking, historical, history, black and white, disturbing; Back to the Future Part III (1990) (rated 3.0): time travel, sci-fi, christopher lloyd, western, michael j. fox, science fiction, alternate reality, sequel, trains, funny; Bug's Life, A (1998) (rated 3.0): pixar, animation, disney, funny, story, animated, insects, inventor, fighting the system, talking animals; Blues Brothers, The (1980) (rated 3.0): classic, notable soundtrack, great soundtrack, car chase, comedy, rhythm & blues, music, john belushi, dan aykroyd, road movie; Grumpier Old Men (1995) (rated 3.0): best friend, clv, comedinha de velhinhos engraã§ada, comedinha de velhinhos engraãƒâ§ada, duringcreditsstinger, fishing, funniest movies, funny, grun running, jack lemmon; Amadeus (1984) (rated 3.5): classical music, mozart, music, historical, biography, 18th century, true story, oscar (best picture), drama, history; Casino (1995) (rated 3.5): martin scorsese, mafia, robert de niro, organized crime, great performances, joe pesci, las vegas, sharon stone, gangsters, imdb top 250; Snow White and the Seven Dwarfs (1937) (rated 3.5): disney, animation, fairy tale, classic, witch, 2d animation, cute, musical, sweet, childhood classics; Butch Cassidy and the Sundance Kid (1969) (rated 3.5): paul newman, western, robert redford, friendship, great chemistry, humorous, witty, irreverent, crime, great acting; Legends of the Fall (1994) (rated 3.5): brad pitt, anthony hopkins, emotional, romance, great acting, world war i, dramatic, prohibition, amazing cinematography, brother brother relationship.",1980s|action|adventure|alternate reality|animation|anthony hopkins|atmospheric|based on a true story|biography|black and white|brad pitt|car chase|classic|comedy|coming of age|crime|cult film|cute|dialogue|disney|disturbing|drama|emotional|fairy tale|fantasy|friendship|funny|great acting|great ending|great performances|great soundtrack|gritty|harrison ford|historical|history|horror|humorous|imdb top 250|inspirational|jack nicholson|mafia|martin scorsese|morgan freeman|music|musical|nazis|new york city|notable soundtrack|organized crime|oscar (best picture)|pixar|prison|psychological|robert de niro|romance|sci-fi|science fiction|sequel|space|stanley kubrick|star wars|stephen king|steven spielberg|suspense|thought-provoking|time travel|tom hanks|true story|twist ending|visually appealing|western|witty|world war ii
66408,"Favorite movies, with this person's rating and each movie's most-used tags: Shawshank Redemption, The (1994) (rated 5.0): morgan freeman, inspirational, twist ending, thought-provoking, prison escape, prison, friendship, great ending, stephen king, classic; Saving Private Ryan (1998) (rated 5.0): world war ii, tom hanks, steven spielberg, war, historical, realistic, action, history, cinematography, horrors of war; Braveheart (1995) (rated 5.0): historical, medieval, mel gibson, war, action, inspirational, scotland, revenge, epic, drama; American History X (1998) (rated 5.0): edward norton, thought-provoking, powerful ending, racism, disturbing, emotional, prison, social commentary, great acting, neo-nazis; Goodfellas (1990) (rated 5.0): mafia, martin scorsese, robert de niro, organized crime, dark comedy, good dialogue, crime, masterpiece, gangsters, gritty; Stand by Me (1986) (rated 5.0): coming of age, friendship, nostalgic, stephen king, childhood, 1960s, river phoenix, classic, innocence lost, based on a book; Lethal Weapon (1987) (rated 5.0): action, mel gibson, buddy movie, comedy, police, buddy, nudity (topless), danny glover, los angeles, nudity; Lethal Weapon 2 (1989) (rated 5.0): mel gibson, action, comedy, nudity (topless), violence, buddy cop, sequel, loss of loved one, richard donner, action packed; Gladiator (2000) (rated 4.5): russell crowe, epic, rome, history, action, heroism, ridley scott, roman empire, sword fight, hans zimmer; Independence Day (a.k.a. ID4) (1996) (rated 4.5): alien invasion, will smith, sci-fi, aliens, apocalypse, action, end of the world, jeff goldblum, humorous, war. Least favorite movies, the same way: Blair Witch Project, The (1999) (rated 1.0): creepy, low budget, scary, found footage, horror, forest, original, atmospheric, suspense, handycam; Naked Gun 33 1/3: The Final Insult (1994) (rated 1.0): comedy, parody, leslie nielsen, hilarious, leslie neilsen, slapstick, police, screwball, sequel, zaz; Reality Bites (1994) (rated 1.0): ethan hawke, winona ryder, generation x, 1990s, ensemble, generations conflict, romance, slackers, 90s, ben stiller; Dumb & Dumber (Dumb and Dumber) (1994) (rated 1.5): jim carrey, stupid, comedy, road trip, toilet humor, silly, jeff daniels, goofy, buddy movie, quirky; Waterworld (1995) (rated 1.5): post-apocalyptic, steampunk, adventure, kevin costner, apocalypse, ocean, dystopia, survival, dark hero, big budget; Clueless (1995) (rated 1.5): teen movie, high school, 1990s, paul rudd, chick flick, alicia silverstone, teen, funny, jane austen, brittany murphy; Vanilla Sky (2001) (rated 1.5): surreal, psychology, mindfuck, existentialism, tom cruise, sci-fi, lucid dreaming, nonlinear, nudity (topless), cameron diaz; Addams Family Values (1993) (rated 1.5): black comedy, gothic, quirky, dark comedy, christina ricci, christopher lloyd, family, raul julia, sequel, adolescence; Go (1999) (rated 1.5): black comedy, drugs, multiple storylines, comedy, katie holmes, rave, timothy olyphant, nudity (topless), las vegas, no character development; Saint, The (1997) (rated 1.5): russia, boring, espionage, master thief, spy, val kilmer, advanced technology, based on a tv show, berlin, can't remember.",action|adventure|aliens|apocalypse|atmospheric|based on a book|black comedy|boring|chick flick|cinematography|classic|comedy|coming of age|creepy|crime|dark comedy|dark hero|disturbing|drama|drugs|dystopia|edward norton|emotional|epic|espionage|existentialism|family|friendship|funny|good dialogue|gothic|great acting|great ending|gritty|high school|hilarious|historical|history|horror|humorous|inspirational|jim carrey|mafia|martin scorsese|masterpiece|mindfuck|morgan freeman|multiple storylines|nonlinear|nudity (topless)|organized crime|original|parody|post-apocalyptic|powerful ending|prison|psychology|quirky|racism|realistic|revenge|road trip|robert de niro|romance|sci-fi|sequel|silly|social commentary|spy|stephen king|steven spielberg|stupid|surreal|survival|suspense|teen|thought-provoking|tom cruise|tom hanks|twist ending|violence|war|will smith|world war ii
73741,"Favorite movies, with this person's rating and each movie's most-used tags: Forrest Gump (1994) (rated 5.0): tom hanks, inspirational, classic, comedy, bittersweet, drama, touching, vietnam war, emotional, great acting; Shawshank Redemption, The (1994) (rated 5.0): morgan freeman, inspirational, twist ending, thought-provoking, prison escape, prison, friendship, great ending, stephen king, classic; Pulp Fiction (1994) (rated 5.0): quentin tarantino, dark comedy, nonlinear, multiple storylines, cult film, black comedy, samuel l. jackson, drugs, violence, good dialogue; Schindler's List (1993) (rated 5.0): holocaust, world war ii, true story, steven spielberg, based on a true story, thought-provoking, historical, history, black and white, disturbing; Braveheart (1995) (rated 5.0): historical, medieval, mel gibson, war, action, inspirational, scotland, revenge, epic, drama; Apollo 13 (1995) (rated 5.0): space, based on a true story, tom hanks, true story, nasa, space program, suspense, astronauts, dramatic, moon; Dances with Wolves (1990) (rated 5.0): kevin costner, historical, culture clash, bittersweet, native americans, oscar (best picture), oscar (best cinematography), war, indians, based on book; Babe (1995) (rated 5.0): talking animals, adventure, animal movie, cute, pigs, fantasy, overrated, animals, children, farm; Philadelphia (1993) (rated 5.0): aids, dramatic, tom hanks, gay, oscar (best actor), homosexuality, denzel washington, homophobia, gay lead character, courtroom; Mr. Holland's Opus (1995) (rated 5.0): inspirational, music, feel-good, emotional, high school, family, deaf, drama, john lennon, richard dreyfuss. Least favorite movies, the same way: Star Wars: Episode IV - A New Hope (1977) (rated 3.0): sci-fi, space, classic, space adventure, science fiction, classic sci-fi, action, adventure, fantasy, star wars; Star Wars: Episode VI - Return of the Jedi (1983) (rated 3.0): sci-fi, star wars, space, harrison ford, adventure, fantasy, george lucas, action, great soundtrack, classic; Fargo (1996) (rated 3.0): dark comedy, coen brothers, black comedy, quirky, witty, dark humor, steve buscemi, crime, crime gone awry, frances mcdormand; Independence Day (a.k.a. ID4) (1996) (rated 3.0): alien invasion, will smith, sci-fi, aliens, apocalypse, action, end of the world, jeff goldblum, humorous, war; Mission: Impossible (1996) (rated 3.0): tom cruise, espionage, action, plot twists, spies, confusing, brian de palma, predictable, cia, memorable sequence; Twister (1996) (rated 3.0): natural disaster, disaster, action, science, tornado, helen hunt, weather, storm, adventure, big budget; Legends of the Fall (1994) (rated 3.0): brad pitt, anthony hopkins, emotional, romance, great acting, world war i, dramatic, prohibition, amazing cinematography, brother brother relationship; Truth About Cats & Dogs, The (1996) (rated 3.0): uma thurman, veterinarian, romantic, cyrano de bergerac, dog, animal in title, animals, art, beguilement, blind date; Multiplicity (1996) (rated 3.0): michael keaton, cloning, mentally impaired, andie macdowell, based on a short story, clone, clones, clv, comedy, construction; Nixon (1995) (rated 3.0): politics, watergate, oliver stone, president, us president, 1970s, anthony hopkins, based on a true story, corruption, usa.",action|adventure|aliens|anthony hopkins|apocalypse|based on a true story|bittersweet|black and white|black comedy|brad pitt|classic|coen brothers|comedy|confusing|corruption|crime|cult film|cute|dark comedy|dark humor|disturbing|drama|drugs|emotional|epic|espionage|family|fantasy|feel-good|friendship|gay|good dialogue|great acting|great ending|great soundtrack|harrison ford|high school|historical|history|homosexuality|humorous|inspirational|morgan freeman|multiple storylines|music|nonlinear|oscar (best picture)|overrated|politics|predictable|prison|quentin tarantino|quirky|revenge|romance|romantic|samuel l. jackson|sci-fi|science|science fiction|space|star wars|stephen king|steven spielberg|suspense|thought-provoking|tom cruise|tom hanks|touching|true story|twist ending|violence|war|will smith|witty|world war ii
132067,"Favorite movies, with this person's rating and each movie's most-used tags: Lord of the Rings: The Fellowship of the Ring, The (2001) (rated 5.0): fantasy, adventure, beautifully filmed, epic, magic, great soundtrack, high fantasy, tolkien, atmospheric, based on a book; Lord of the Rings: The Return of the King, The (2003) (rated 5.0): fantasy, adventure, high fantasy, epic, magic, tolkien, fantasy world, based on a book, epic adventure, great ending; American Beauty (1999) (rated 5.0): dark comedy, thought-provoking, social commentary, kevin spacey, surrealism, great acting, midlife crisis, black comedy, sexuality, excellent script; Eternal Sunshine of the Spotless Mind (2004) (rated 5.0): surreal, thought-provoking, nonlinear, bittersweet, philosophy, jim carrey, psychology, romance, dreamlike, memory; Amelie (Fabuleux destin d'Amélie Poulain, Le) (2001) (rated 5.0): beautifully filmed, quirky, feel-good, surreal, great soundtrack, whimsical, stylized, romance, visually appealing, paris; Big Lebowski, The (1998) (rated 5.0): dark comedy, coen brothers, cult film, great dialogue, black comedy, satirical, quirky, comedy, jeff bridges, off-beat comedy; In Bruges (2008) (rated 5.0): dark comedy, black comedy, stylized, british comedy, friendship, beautiful scenery, colin farrell, atmospheric, irish accent, twist ending; Into the Wild (2007) (rated 5.0): self discovery, road trip, based on a true story, great soundtrack, wilderness, atmospheric, psychology, travel, freedom, inspirational; Forrest Gump (1994) (rated 4.5): tom hanks, inspirational, classic, comedy, bittersweet, drama, touching, vietnam war, emotional, great acting; Shawshank Redemption, The (1994) (rated 4.5): morgan freeman, inspirational, twist ending, thought-provoking, prison escape, prison, friendship, great ending, stephen king, classic. Least favorite movies, the same way: Striptease (1996) (rated 0.5): nudity (topless - notable), nudity (topless), striptease, watched it for the boobs, golden raspberry (worst picture), nudity, steven spielberg, voyeurism, demi moore, golden raspberry (worst actress); Showgirls (1995) (rated 0.5): nudity (full frontal), campy, strippers, sexual, overacting, boobs, las vegas, raunchy, dull, nudity (full frontal - notable); G.I. Jane (1997) (rated 0.5): military, demi moore, nudity (rear), ridley scott, strong female lead, action, army, army base, bechdel test:pass, commando; Beerfest (2006) (rated 0.5): beer, nudity (topless), guy movie, drinking, absurd comedy, actor playing multiple roles, alcohol, amsterdam netherlands, asphyxiation, bare breasts; Tommy Boy (1995) (rated 1.0): chris farley, road trip, quotable, funny, david spade, funniest movies, goofy, hilarious, slapstick, very funny; Mary Reilly (1996) (rated 1.0): jekyll and hyde, john malkovich, 19th century, can't remember, director: stephen frears, housemaid, julia roberts, laboratory, monster, servant; Nutty Professor, The (1996) (rated 1.5): eddie murphy, comedy, alter ego, remake, crappy remake, crude humor, goofy, jada pinkett smith, larry miller, multiple roles; Quantum of Solace (2008) (rated 1.5): daniel craig, james bond, franchise, action, 007 (series), secret service, espionage, spy, judi dench, plot; Cable Guy, The (1996) (rated 1.5): jim carrey, black comedy, not funny, stalker, jack black, comedy, ben stiller, boring, matthew broderick, misunderstood; Hollow Man (2000) (rated 1.5): invisibility, kevin bacon, sexualized violence, rape, action, nudity (topless - notable), paul verhoeven, boring, illogical, invisible man.",action|adventure|atmospheric|based on a book|based on a true story|beautiful scenery|beautifully filmed|bittersweet|black comedy|boring|british comedy|classic|coen brothers|comedy|crude humor|cult film|dark comedy|drama|dreamlike|emotional|epic|espionage|excellent script|fantasy|fantasy world|feel-good|friendship|funny|great acting|great dialogue|great ending|great soundtrack|hilarious|inspirational|jim carrey|kevin spacey|magic|memory|military|morgan freeman|nonlinear|nudity (full frontal)|nudity (topless)|paris|philosophy|prison|psychology|quirky|quotable|rape|remake|road trip|romance|satirical|sexuality|social commentary|spy|stephen king|steven spielberg|strong female lead|stylized|surreal|surrealism|thought-provoking|tom hanks|touching|twist ending|visually appealing|whimsical
144545,"Favorite movies, with this person's rating and each movie's most-used tags: Shawshank Redemption, The (1994) (rated 5.0): morgan freeman, inspirational, twist ending, thought-provoking, prison escape, prison, friendship, great ending, stephen king, classic; One Flew Over the Cuckoo's Nest (1975) (rated 5.0): psychology, jack nicholson, mental illness, powerful ending, psychological, emotional, classic, mental hospital, drama, social satire; Clockwork Orange, A (1971) (rated 5.0): stanley kubrick, dystopia, psychology, disturbing, social commentary, cult film, stylized, atmospheric, surreal, violence; Taxi Driver (1976) (rated 5.0): dark, loneliness, robert de niro, cult film, atmospheric, social commentary, martin scorsese, mental illness, disturbing, psychology; Little Miss Sunshine (2006) (rated 5.0): dark comedy, dysfunctional family, quirky, road trip, off-beat comedy, social commentary, satire, comedy, heartwarming, inspirational; Amores Perros (Love's a Bitch) (2000) (rated 5.0): multiple storylines, dogs, independent film, imdb top 250, violence, mexico, alejandro gonzalez inarritu, drama, episodic, mexican; Do the Right Thing (1989) (rated 5.0): racism, great cinematography, social commentary, spike lee, new york city, culture clash, brooklyn, criterion, ghetto, hood; Bicycle Thieves (a.k.a. The Bicycle Thief) (a.k.a. The Bicycle Thieves) (Ladri di biciclette) (1948) (rated 5.0): classic, italian, neorealism, poverty, realism, black and white, economic depression, rome, meaningful, cycling; Killing Fields, The (1984) (rated 5.0): dramatic, cambodia, true story, vietnam war, colonialism, genocide, civil war, grim, indochina, john malkovich; My Left Foot (1989) (rated 5.0): cerebral, biography, daniel day-lewis, disability, cerebral palsy, emotion!, author, based on a biography, based on a true story, bd-r. Least favorite movies, the same way: Cell, The (2000) (rated 2.0): surreal, atmospheric, serial killer, virtual reality, stylized, alternate reality, beautiful cinematography, dreamlike, dreams, psychological; Tequila Sunrise (1988) (rated 2.0): best friend, california, clv, cop, drug dealer, drugs, good, love story, mel gibson, restaurant; Singles (1992) (rated 3.0): relationships, 1990s, seattle, wired 50 greatest soundtracks, cameron crowe, matt dillon, music, quirky humor, bill pullman, blind date; Amelie (Fabuleux destin d'Amélie Poulain, Le) (2001) (rated 3.5): beautifully filmed, quirky, feel-good, surreal, great soundtrack, whimsical, stylized, romance, visually appealing, paris; Fight Club (1999) (rated 4.0): twist ending, psychology, dark comedy, social commentary, thought-provoking, philosophy, edward norton, brad pitt, surreal, mindfuck; American Beauty (1999) (rated 4.0): dark comedy, thought-provoking, social commentary, kevin spacey, surrealism, great acting, midlife crisis, black comedy, sexuality, excellent script; Memento (2000) (rated 4.0): nonlinear, twist ending, psychology, mindfuck, psychological, complicated, mystery, memory, stylized, christopher nolan; American History X (1998) (rated 4.0): edward norton, thought-provoking, powerful ending, racism, disturbing, emotional, prison, social commentary, great acting, neo-nazis; Pan's Labyrinth (Laberinto del fauno, El) (2006) (rated 4.0): surreal, atmospheric, fantasy, fairy tale, bittersweet, visually appealing, disturbing, imagination, stylized, twist ending; Dr. Strangelove or: How I Learned to Stop Worrying and Love the Bomb (1964) (rated 4.0): dark comedy, satire, stanley kubrick, black comedy, cold war, classic, satirical, nuclear war, peter sellers, black and white.",alternate reality|atmospheric|based on a true story|beautifully filmed|biography|bittersweet|black and white|black comedy|brad pitt|cerebral|christopher nolan|classic|comedy|complicated|cult film|dark|dark comedy|disturbing|drama|dreamlike|dreams|drugs|dystopia|edward norton|emotional|excellent script|fairy tale|fantasy|feel-good|friendship|great acting|great cinematography|great ending|great soundtrack|heartwarming|imagination|imdb top 250|inspirational|jack nicholson|kevin spacey|loneliness|love story|martin scorsese|memory|mental illness|mindfuck|morgan freeman|multiple storylines|music|mystery|new york city|nonlinear|paris|philosophy|powerful ending|prison|psychological|psychology|quirky|racism|relationships|road trip|robert de niro|romance|satire|satirical|serial killer|sexuality|social commentary|stanley kubrick|stephen king|stylized|surreal|surrealism|thought-provoking|true story|twist ending|violence|virtual reality|visually appealing|whimsical
158334,"Favorite movies, with this person's rating and each movie's most-used tags: Matrix, The (1999) (rated 5.0): sci-fi, virtual reality, thought-provoking, dystopia, philosophy, cyberpunk, artificial intelligence, alternate reality, action, philosophical; Shawshank Redemption, The (1994) (rated 5.0): morgan freeman, inspirational, twist ending, thought-provoking, prison escape, prison, friendship, great ending, stephen king, classic; Pulp Fiction (1994) (rated 5.0): quentin tarantino, dark comedy, nonlinear, multiple storylines, cult film, black comedy, samuel l. jackson, drugs, violence, good dialogue; Silence of the Lambs, The (1991) (rated 5.0): serial killer, psychology, anthony hopkins, suspense, psychological, disturbing, cannibalism, jodie foster, excellent script, great acting; American Beauty (1999) (rated 5.0): dark comedy, thought-provoking, social commentary, kevin spacey, surrealism, great acting, midlife crisis, black comedy, sexuality, excellent script; Raiders of the Lost Ark (Indiana Jones and the Raiders of the Lost Ark) (1981) (rated 5.0): adventure, indiana jones, harrison ford, archaeology, steven spielberg, action, classic, nazis, treasure hunt, comedy; Godfather, The (1972) (rated 5.0): mafia, classic, great acting, organized crime, al pacino, masterpiece, marlon brando, atmospheric, crime, oscar (best directing); Usual Suspects, The (1995) (rated 5.0): twist ending, kevin spacey, suspense, complicated, great ending, mindfuck, excellent script, organized crime, storytelling, conspiracy; Seven (a.k.a. Se7en) (1995) (rated 5.0): twist ending, serial killer, psychology, morgan freeman, brad pitt, powerful ending, great ending, disturbing, dark, kevin spacey; Terminator 2: Judgment Day (1991) (rated 5.0): arnold schwarzenegger, time travel, action, sci-fi, artificial intelligence, apocalypse, dystopia, robots, future, original plot. Least favorite movies, the same way: Bad Boys (1995) (rated 1.0): will smith, action, buddy movie, miami, car chase, drugs, funny, martin lawrence, michael bay, anti-hero; Replacement Killers, The (1998) (rated 1.0): realistic action, assault rifle, china, chinatown, chow yun fat, chow yun-fat, conscientious objector, contract killer, danny trejo, directorial debut; Men in Black (a.k.a. MIB) (1997) (rated 2.0): aliens, will smith, comedy, tommy lee jones, sci-fi, action, conspiracy theory, alien, plot twist, buddy movie; Batman Returns (1992) (rated 2.0): superhero, batman, tim burton, dark hero, michelle pfeiffer, danny devito, dark, comic book, christopher walken, michael keaton; Perfect Storm, The (2000) (rated 2.0): disaster, ocean, george clooney, natural disaster, weather, search and rescue, mark wahlberg, john c. reilly, thriller, action; Driving Miss Daisy (1989) (rated 2.0): morgan freeman, racism, drama, oscar (best picture), southern theme, friendship, social commentary, dan aykroyd, aging, based on a play; Bedazzled (2000) (rated 2.0): elizabeth hurley, brendan fraser, nice message, deal with the devil, comedy, devil, remake, sexy devil, los angeles, sexy comedy; Last Emperor, The (1987) (rated 2.0): china, based on a true story, cinematography, oscar (best picture), communism, history epic, biography, epic, revolution, lavish; Licence to Kill (1989) (rated 2.0): james bond, timothy dalton, 007, bond, franchise, talisa soto, 007 (series), assassin, carey lowell, espionage; Ordinary People (1980) (rated 2.0): dysfunctional family, oscar (best picture), depression, personal growth, guilt, suicide attempt, father-son relationship, therapist, donald sutherland, family.",action|adventure|al pacino|aliens|alternate reality|anthony hopkins|anti-hero|apocalypse|artificial intelligence|assassin|atmospheric|based on a true story|batman|biography|black comedy|brad pitt|car chase|cinematography|classic|comedy|comic book|complicated|conspiracy|crime|cult film|cyberpunk|dark|dark comedy|dark hero|disturbing|drama|drugs|dystopia|epic|espionage|excellent script|family|father-son relationship|friendship|funny|future|george clooney|good dialogue|great acting|great ending|harrison ford|inspirational|kevin spacey|mafia|masterpiece|mindfuck|morgan freeman|multiple storylines|nazis|nonlinear|organized crime|original plot|oscar (best picture)|philosophical|philosophy|plot twist|powerful ending|prison|psychological|psychology|quentin tarantino|racism|remake|robots|samuel l. jackson|sci-fi|serial killer|sexuality|social commentary|stephen king|steven spielberg|storytelling|superhero|surrealism|suspense|thought-provoking|thriller|tim burton|time travel|twist ending|violence|virtual reality|will smith
167647,"Favorite movies, with this person's rating and each movie's most-used tags: American Beauty (1999) (rated 5.0): dark comedy, thought-provoking, social commentary, kevin spacey, surrealism, great acting, midlife crisis, black comedy, sexuality, excellent script; Eternal Sunshine of the Spotless Mind (2004) (rated 5.0): surreal, thought-provoking, nonlinear, bittersweet, philosophy, jim carrey, psychology, romance, dreamlike, memory; Truman Show, The (1998) (rated 5.0): social commentary, dark comedy, dystopia, jim carrey, alternate reality, philosophy, original plot, dreamlike, mindfuck, stylized; Amelie (Fabuleux destin d'Amélie Poulain, Le) (2001) (rated 5.0): beautifully filmed, quirky, feel-good, surreal, great soundtrack, whimsical, stylized, romance, visually appealing, paris; Being John Malkovich (1999) (rated 5.0): surreal, dark comedy, surrealism, mindfuck, thought-provoking, black comedy, psychology, quirky, charlie kaufman, twist ending; Requiem for a Dream (2000) (rated 5.0): depressing, psychology, drugs, disturbing, dark, social commentary, atmospheric, visually appealing, addiction, emotional; Whiplash (2014) (rated 5.0): music, tense, good acting, psychological, jazz, intense, perfectionism, j.k. simmons, inspirational, great acting; Old Boy (2003) (rated 5.0): twist ending, disturbing, revenge, stylized, surreal, depressing, vengeance, hallucinatory, korean, incest; Citizen Kane (1941) (rated 5.0): orson welles, atmospheric, masterpiece, classic, amazing cinematography, cinematography, black and white, highly quotable, mystery, melancholy; Pulp Fiction (1994) (rated 4.5): quentin tarantino, dark comedy, nonlinear, multiple storylines, cult film, black comedy, samuel l. jackson, drugs, violence, good dialogue. Least favorite movies, the same way: Monsters, Inc. (2001) (rated 3.5): pixar, animation, funny, comedy, cute, innovative, disney, monsters, hilarious, original; Almost Famous (2000) (rated 3.5): music, coming of age, rock and roll, journalism, bittersweet, great soundtrack, 1970s, nostalgic, philip seymour hoffman, nudity (topless); Inception (2010) (rated 4.0): alternate reality, thought-provoking, visually appealing, mindfuck, surreal, leonardo dicaprio, intellectual, sci-fi, complicated, twist ending; Juno (2007) (rated 4.0): ellen page, witty, comedy, pregnancy, excellent script, cult film, notable soundtrack, quirky, feel-good, high school; Cabin in the Woods, The (2012) (rated 4.0): dark comedy, clever, original, plot twist, original plot, satire, funny, meta, joss whedon, witty; Prisoners (2013) (rated 4.0): thriller, jake gyllenhaal, mystery, great ending, atmospheric, morality, absorbing, acting, hugh jackman, denis villeneuve; Blue Jasmine (2013) (rated 4.0): cate blanchett, acting, woody allen, narcissism, depressing, dark humor, nervous breakdown, pointless, psychology, sally hawkins; Separation, A (Jodaeiye Nader az Simin) (2011) (rated 4.0): realism, morally complex, iran, social commentary, divorce, great acting, husband-wife relationship, lies, oscar (best foreign language film), realistic; Pulp Fiction (1994) (rated 4.5): quentin tarantino, dark comedy, nonlinear, multiple storylines, cult film, black comedy, samuel l. jackson, drugs, violence, good dialogue; Lord of the Rings: The Fellowship of the Ring, The (2001) (rated 4.5): fantasy, adventure, beautifully filmed, epic, magic, great soundtrack, high fantasy, tolkien, atmospheric, based on a book.",acting|adventure|alternate reality|animation|atmospheric|based on a book|beautifully filmed|bittersweet|black and white|black comedy|cinematography|classic|clever|comedy|coming of age|complicated|cult film|cute|dark|dark comedy|dark humor|depressing|disney|disturbing|dreamlike|drugs|dystopia|emotional|epic|excellent script|fantasy|feel-good|funny|good acting|good dialogue|great acting|great ending|great soundtrack|hallucinatory|high school|hilarious|inspirational|intellectual|intense|jim carrey|kevin spacey|leonardo dicaprio|magic|masterpiece|melancholy|memory|mindfuck|multiple storylines|music|mystery|nonlinear|notable soundtrack|nudity (topless)|original|original plot|paris|philosophy|pixar|plot twist|psychological|psychology|quentin tarantino|quirky|realistic|revenge|romance|samuel l. jackson|satire|sci-fi|sexuality|social commentary|stylized|surreal|surrealism|tense|thought-provoking|thriller|twist ending|violence|visually appealing|whimsical|witty
189485,"Favorite movies, with this person's rating and each movie's most-used tags: Memento (2000) (rated 5.0): nonlinear, twist ending, psychology, mindfuck, psychological, complicated, mystery, memory, stylized, christopher nolan; City of God (Cidade de Deus) (2002) (rated 5.0): multiple storylines, brazil, drugs, based on a true story, stylized, crime, atmospheric, gangs, social commentary, true story; Bonnie and Clyde (1967) (rated 5.0): gangsters, classic, warren beatty, 1920s, faye dunaway, biography, crime, gene hackman, based on a true story, romance; Do the Right Thing (1989) (rated 5.0): racism, great cinematography, social commentary, spike lee, new york city, culture clash, brooklyn, criterion, ghetto, hood; Wallace & Gromit: The Best of Aardman Animation (1996) (rated 5.0): claymation, aardman, wallace & gromit, british comedy, comedy, creative production, wallace and gromit, 3d, animation, anthology; Spellbound (2002) (rated 5.0): spelling bee, documentary, competition, children, quirky, fun to watch, heartwarming, movie to see, recommendz top pick, bgab lrc; Capturing the Friedmans (2003) (rated 5.0): child abuse, courtroom, disturbing, documentary, andrew jarecki, guilt, journalism, american, child pornography, family; Matrix, The (1999) (rated 4.5): sci-fi, virtual reality, thought-provoking, dystopia, philosophy, cyberpunk, artificial intelligence, alternate reality, action, philosophical; Forrest Gump (1994) (rated 4.5): tom hanks, inspirational, classic, comedy, bittersweet, drama, touching, vietnam war, emotional, great acting; Pulp Fiction (1994) (rated 4.5): quentin tarantino, dark comedy, nonlinear, multiple storylines, cult film, black comedy, samuel l. jackson, drugs, violence, good dialogue. Least favorite movies, the same way: Cable Guy, The (1996) (rated 2.0): jim carrey, black comedy, not funny, stalker, jack black, comedy, ben stiller, boring, matthew broderick, misunderstood; Titanic (1997) (rated 2.5): romance, leonardo dicaprio, love story, atmospheric, disaster, historical, bittersweet, drama, true story, kate winslet; Little Mermaid, The (1989) (rated 2.5): disney, animation, mermaid, talking animals, great soundtrack, teenage rebellion, oscar (best music - original song), musical, ocean, underwater; Lord of the Rings: The Return of the King, The (2003) (rated 3.0): fantasy, adventure, high fantasy, epic, magic, tolkien, fantasy world, based on a book, epic adventure, great ending; Godfather: Part II, The (1974) (rated 3.0): mafia, al pacino, organized crime, great acting, robert de niro, classic, complex characters, oscar (best picture), francis ford coppola, dysfunctional family; Ace Ventura: Pet Detective (1994) (rated 3.0): jim carrey, comedy, goofy, dumb, silly fun, stupid as hell, 1990s, very funny, hilarious, action; Hitchhiker's Guide to the Galaxy, The (2005) (rated 3.0): sci-fi, sarcasm, space, absurd, based on a book, comedy, humor, witty, zooey deschanel, british comedy; Match Point (2005) (rated 3.0): scarlett johansson, woody allen, clever, non-hollywood ending, twist ending, tennis, disturbing, slow, london, love affair; 8 1/2 (8½) (1963) (rated 3.0): surreal, dreams, federico fellini, fantasy, overrated, reflective, cinematography, humorous, whimsical, imdb top 250; Lord of the Rings: The Fellowship of the Ring, The (2001) (rated 3.5): fantasy, adventure, beautifully filmed, epic, magic, great soundtrack, high fantasy, tolkien, atmospheric, based on a book.",absurd|action|adventure|al pacino|alternate reality|animation|artificial intelligence|atmospheric|based on a book|based on a true story|beautifully filmed|biography|bittersweet|black comedy|boring|british comedy|christopher nolan|cinematography|classic|clever|comedy|complicated|crime|cult film|cyberpunk|dark comedy|disney|disturbing|documentary|drama|dreams|drugs|dystopia|emotional|epic|family|fantasy|fantasy world|good dialogue|great acting|great cinematography|great ending|great soundtrack|heartwarming|hilarious|historical|humor|humorous|imdb top 250|inspirational|jim carrey|leonardo dicaprio|love story|mafia|magic|memory|mindfuck|multiple storylines|musical|mystery|new york city|nonlinear|organized crime|oscar (best picture)|overrated|philosophical|philosophy|psychological|psychology|quentin tarantino|quirky|racism|reflective|robert de niro|romance|samuel l. jackson|scarlett johansson|sci-fi|slow|social commentary|space|stylized|surreal|thought-provoking|tom hanks|touching|true story|twist ending|violence|virtual reality|whimsical|witty
