userId,tag,score,movies,judge,score_rank,judge_rank,difference,original,raters
11912,twist ending,4.2,5,5,40,7,33,4.2,40007
11912,action,4.176470588235294,17,4,41,9,32,4.176470588235294,78147
11912,leonardo dicaprio,4.25,4,4,37,8,29,4.25,18951
11912,dark,4.4,5,5,30,6,24,4.4,24124
11912,matt damon,4.4,5,5,29,5,24,4.4,29487
11912,thriller,4.444444444444445,9,5,28,4,24,4.444444444444445,50425
11912,morgan freeman,3.625,4,2,65,50,15,3.625,27165
11912,zombies,3.7,5,2,63,49,14,3.7,12579
11912,atmospheric,4.5,7,5,14,3,11,4.5,57153
11912,adventure,3.9375,8,2,57,48,9,3.9375,40989
11912,epic,4.6,5,5,11,2,9,4.6,32893
11912,suspense,4.666666666666667,3,5,10,1,9,4.666666666666667,15621
11912,crude humor,4.0,2,2,53,46,7,4.0,8369
11912,martin scorsese,4.0,3,2,51,44,7,4.0,15526
11912,parody,4.0,2,2,54,47,7,4.0,8053
11912,serial killer,4.0,3,2,52,45,7,4.0,10399
11912,fantasy,4.0,4,2,48,43,5,4.0,21430
11912,psychology,4.0,3,2,47,42,5,4.0,28250
11912,based on a book,4.15,10,2,44,40,4,4.15,61191
11912,george clooney,4.125,4,2,45,41,4,4.125,17742
11912,thought-provoking,4.166666666666667,3,2,43,39,4,4.166666666666667,27855
11912,friendship,4.2272727272727275,11,2,39,38,1,4.2272727272727275,64302
11912,witty,4.25,2,2,38,37,1,4.25,9556
11912,controversial,3.0,1,1,76,76,0,3.0,4400
11912,great ending,4.25,2,2,36,36,0,4.25,25273
11912,humorous,3.0,1,1,78,78,0,3.0,4372
11912,jim carrey,3.0,1,1,79,79,0,3.0,4372
11912,loneliness,3.25,2,1,74,74,0,3.25,7871
11912,mental illness,3.5,3,1,67,67,0,3.5,16184
11912,mockumentary,3.5,2,1,71,71,0,3.5,6380
11912,psychological,3.5,2,1,68,68,0,3.5,11731
11912,road trip,3.5,2,1,70,70,0,3.5,6724
11912,robert downey jr.,3.5,2,1,72,72,0,3.5,5580
11912,social commentary,3.0,1,1,77,77,0,3.0,4400
11912,stupid,3.6,5,1,66,66,0,3.6,13902
11912,tom hanks,3.5,2,1,69,69,0,3.5,8909
11912,unique,3.0,1,1,75,75,0,3.0,5703
11912,vampires,3.5,2,1,73,73,0,3.5,3760
11912,history,4.333333333333333,3,2,34,35,-1,4.333333333333333,19684
11912,religion,3.6666666666666665,3,1,64,65,-1,3.6666666666666665,11256
11912,biography,3.8333333333333335,3,1,58,60,-2,3.8333333333333335,12684
11912,drama,3.8,5,1,59,61,-2,3.8,40288
11912,plot twist,4.375,4,2,31,33,-2,4.375,32987
11912,revenge,4.357142857142857,7,2,32,34,-2,4.357142857142857,36695
11912,satire,3.75,6,1,60,62,-2,3.75,19590
11912,survival,3.7,5,1,62,64,-2,3.7,33429
11912,tom cruise,3.75,4,1,61,63,-2,3.75,12851
11912,apocalypse,4.0,1,1,56,59,-3,4.0,3323
11912,marvel,4.0,1,1,55,58,-3,4.0,6703
11912,black comedy,4.5,2,2,24,29,-5,4.5,10558
11912,brad pitt,4.5,2,2,25,30,-5,4.5,10506
11912,coen brothers,4.5,2,2,22,27,-5,4.5,10797
11912,corruption,4.5,3,2,17,22,-5,4.5,24142
11912,dark comedy,4.5,2,2,27,32,-5,4.5,7814
11912,fantasy world,4.5,2,2,18,23,-5,4.5,15109
11912,feel good movie,4.5,2,2,21,26,-5,4.5,14578
11912,great acting,4.5,3,2,16,21,-5,4.5,26446
11912,happy ending,4.5,2,2,23,28,-5,4.5,10699
11912,heist,4.5,2,2,26,31,-5,4.5,10506
11912,magic,4.5,2,2,19,24,-5,4.5,15109
11912,superhero,4.5,2,2,20,25,-5,4.5,14688
11912,crime,4.583333333333333,6,2,12,19,-7,4.583333333333333,40360
11912,hilarious,4.0,5,1,49,56,-7,4.0,18930
11912,true story,4.0,5,1,50,57,-7,4.0,18918
11912,war,4.555555555555555,9,2,13,20,-7,4.555555555555555,45931
11912,batman,5.0,1,2,1,10,-9,5.0,7985
11912,british,5.0,1,2,6,15,-9,5.0,5490
11912,british comedy,5.0,1,2,7,16,-9,5.0,5490
11912,christian bale,5.0,1,2,2,11,-9,5.0,7985
11912,christopher nolan,5.0,1,2,3,12,-9,5.0,7985
11912,dark humor,5.0,1,2,8,17,-9,5.0,5490
11912,funny,4.115384615384615,13,1,46,55,-9,4.115384615384615,59540
11912,high school,5.0,1,2,9,18,-9,5.0,3969
11912,jack nicholson,5.0,1,2,4,13,-9,5.0,6875
11912,organized crime,5.0,1,2,5,14,-9,5.0,6875
11912,comedy,4.176470588235294,17,1,42,54,-12,4.176470588235294,74190
11912,historical,4.25,6,1,35,53,-18,4.25,26224
11912,comic book,4.333333333333333,3,1,33,52,-19,4.333333333333333,19951
11912,violence,4.5,5,1,15,51,-36,4.5,40781
23753,classic,3.9375,8,4,31,8,23,3.9375,58508
23753,comedy,4.0,4,5,18,6,12,4.0,19780
23753,stephen king,4.25,2,5,15,5,10,4.25,20364
23753,sci-fi,4.166666666666667,3,4,16,7,9,4.166666666666667,15675
23753,inspirational,3.75,2,2,34,27,7,3.75,17352
23753,1980s,4.0,1,2,27,23,4,4.0,3528
23753,coming of age,4.0,1,2,28,24,4,4.0,3528
23753,morgan freeman,4.0,1,2,24,20,4,4.0,13842
23753,new york city,4.0,1,2,29,25,4,4.0,3528
23753,prison,4.0,1,2,25,21,4,4.0,13842
23753,tom hanks,4.0,1,2,30,26,4,4.0,3528
23753,twist ending,4.0,1,2,26,22,4,4.0,13842
23753,action,4.75,2,5,1,1,0,4.75,18720
23753,adventure,4.75,2,5,2,2,0,4.75,18720
23753,alternate reality,3.0,1,1,63,63,0,3.0,4314
23753,animation,3.25,2,1,58,58,0,3.25,6856
23753,anthony hopkins,3.5,1,1,51,51,0,3.5,1780
23753,based on a true story,3.0,1,1,60,60,0,3.0,9753
23753,biography,3.25,2,1,53,53,0,3.25,13263
23753,black and white,3.0,1,1,61,61,0,3.0,9753
23753,brad pitt,3.5,1,1,52,52,0,3.5,1780
23753,car chase,3.0,1,1,67,67,0,3.0,3481
23753,disney,3.25,2,1,59,59,0,3.25,6856
23753,disturbing,3.75,2,1,36,36,0,3.75,16275
23753,drama,3.5,3,1,42,42,0,3.5,27105
23753,emotional,3.75,2,1,38,38,0,3.75,15622
23753,fairy tale,3.5,1,1,49,49,0,3.5,2662
23753,friendship,3.75,2,1,37,37,0,3.75,16009
23753,funny,3.0,2,1,62,62,0,3.0,8508
23753,great performances,3.75,2,1,35,35,0,3.75,17011
23753,harrison ford,4.75,2,5,3,3,0,4.75,18720
23753,historical,3.25,2,1,54,54,0,3.25,13263
23753,history,3.25,2,1,55,55,0,3.25,13263
23753,mafia,3.5,1,1,45,45,0,3.5,3169
23753,martin scorsese,3.5,1,1,46,46,0,3.5,3169
23753,music,3.25,2,1,57,57,0,3.25,6991
23753,nazis,4.0,2,2,19,19,0,4.0,19402
23753,notable soundtrack,3.0,1,1,68,68,0,3.0,3481
23753,organized crime,3.5,1,1,47,47,0,3.5,3169
23753,oscar (best picture),3.5,3,1,43,43,0,3.5,27105
23753,pixar,3.0,1,1,66,66,0,3.0,4194
23753,robert de niro,3.5,1,1,48,48,0,3.5,3169
23753,romance,3.75,2,1,40,40,0,3.75,5308
23753,science fiction,3.0,1,1,64,64,0,3.0,4314
23753,sequel,3.75,2,1,39,39,0,3.75,13385
23753,space,4.75,2,5,4,4,0,4.75,11361
23753,thought-provoking,3.5,2,1,44,44,0,3.5,23595
23753,time travel,3.0,1,1,65,65,0,3.0,4314
23753,true story,3.25,2,1,56,56,0,3.25,13263
23753,western,3.6666666666666665,3,1,41,41,0,3.6666666666666665,8212
23753,witty,3.5,1,1,50,50,0,3.5,2167
23753,great soundtrack,3.9,5,1,32,33,-1,3.9,45796
23753,humorous,3.8333333333333335,3,1,33,34,-1,3.8333333333333335,16130
23753,cult film,4.5,1,2,7,11,-4,4.5,6522
23753,fantasy,4.5,1,2,5,9,-4,4.5,9071
23753,great ending,4.25,2,2,14,18,-4,4.25,22913
23753,horror,4.5,1,2,8,12,-4,4.5,6522
23753,jack nicholson,4.5,1,2,9,13,-4,4.5,6522
23753,psychological,4.5,1,2,10,14,-4,4.5,6522
23753,stanley kubrick,4.5,1,2,11,15,-4,4.5,6522
23753,star wars,4.5,1,2,6,10,-4,4.5,9071
23753,suspense,4.5,1,2,12,16,-4,4.5,6522
23753,visually appealing,4.5,1,2,13,17,-4,4.5,6522
23753,crime,4.0,1,1,22,31,-9,4.0,13842
23753,great acting,4.0,1,1,23,32,-9,4.0,13842
23753,steven spielberg,4.0,2,1,20,29,-9,4.0,19402
23753,world war ii,4.0,2,1,21,30,-9,4.0,19402
23753,imdb top 250,4.0,5,1,17,28,-11,4.0,42935
66408,aliens,3.0185185185185186,27,3,73,42,31,3.0185185185185186,121349
66408,thought-provoking,3.4074074074074074,27,5,42,11,31,3.4074074074074074,173644
66408,classic,3.5625,48,5,36,10,26,3.5625,335431
66408,friendship,3.5714285714285716,14,5,35,9,26,3.5714285714285716,93793
66408,action,3.5919540229885056,87,5,33,8,25,3.5919540229885056,504844
66408,inspirational,3.6,15,5,31,7,24,3.6,99796
66408,epic,3.78125,16,5,20,6,14,3.78125,141137
66408,coming of age,3.3636363636363638,22,3,49,41,8,3.3636363636363638,109192
66408,social commentary,3.369565217391304,23,3,48,40,8,3.369565217391304,120803
66408,will smith,3.375,8,3,47,39,8,3.375,36418
66408,disturbing,3.392857142857143,14,3,45,38,7,3.392857142857143,95581
66408,prison,3.888888888888889,9,5,10,5,5,3.888888888888889,57163
66408,war,3.8958333333333335,24,5,9,4,5,3.8958333333333335,147167
66408,based on a book,3.44,50,3,39,35,4,3.44,318345
66408,historical,3.9642857142857144,14,5,6,2,4,3.9642857142857144,81887
66408,history,3.909090909090909,11,5,7,3,4,3.909090909090909,67250
66408,steven spielberg,3.433333333333333,15,3,40,36,4,3.433333333333333,88092
66408,tom hanks,3.423076923076923,13,3,41,37,4,3.423076923076923,74235
66408,humorous,3.46875,16,3,37,34,3,3.46875,97301
66408,black comedy,3.0,18,1,74,74,0,3.0,84574
66408,chick flick,2.576923076923077,13,1,82,82,0,2.576923076923077,45921
66408,creepy,2.7222222222222223,9,1,80,80,0,2.7222222222222223,52648
66408,existentialism,3.0,8,1,75,75,0,3.0,46882
66408,gothic,2.4285714285714284,7,1,84,84,0,2.4285714285714284,32248
66408,horror,2.880952380952381,21,1,78,78,0,2.880952380952381,108362
66408,jim carrey,2.5555555555555554,9,1,83,83,0,2.5555555555555554,41658
66408,parody,2.5833333333333335,12,1,81,81,0,2.5833333333333335,45981
66408,road trip,2.9166666666666665,6,1,77,77,0,2.9166666666666665,22918
66408,silly,2.875,8,1,79,79,0,2.875,33926
66408,stephen king,4.25,4,5,1,1,0,4.25,30684
66408,stupid,3.0,9,1,76,76,0,3.0,35988
66408,adventure,3.2222222222222223,45,1,60,61,-1,3.2222222222222223,289690
66408,atmospheric,3.3137254901960786,51,1,54,55,-1,3.3137254901960786,355159
66408,cinematography,3.59375,16,3,32,33,-1,3.59375,100520
66408,comedy,3.1858974358974357,78,1,63,64,-1,3.1858974358974357,382230
66408,dark comedy,3.2884615384615383,26,1,58,59,-1,3.2884615384615383,138106
66408,dark hero,3.1818181818181817,11,1,65,66,-1,3.1818181818181817,71971
66408,drugs,3.3214285714285716,14,1,52,53,-1,3.3214285714285716,65259
66408,dystopia,3.0892857142857144,28,1,71,72,-1,3.0892857142857144,149626
66408,funny,3.2903225806451615,62,1,57,58,-1,3.2903225806451615,336313
66408,high school,3.1363636363636362,11,1,68,69,-1,3.1363636363636362,51298
66408,hilarious,3.3,20,1,55,56,-1,3.3,93622
66408,mindfuck,3.28125,16,1,59,60,-1,3.28125,107650
66408,original,3.090909090909091,11,1,70,71,-1,3.090909090909091,80429
66408,post-apocalyptic,3.2222222222222223,9,1,61,62,-1,3.2222222222222223,57150
66408,psychology,3.3333333333333335,21,1,51,52,-1,3.3333333333333335,161726
66408,quirky,3.3181818181818183,33,1,53,54,-1,3.3181818181818183,192940
66408,romance,3.171875,32,1,66,67,-1,3.171875,164443
66408,sci-fi,3.1904761904761907,63,1,62,63,-1,3.1904761904761907,324141
66408,sequel,3.1842105263157894,19,1,64,65,-1,3.1842105263157894,96985
66408,surreal,3.019230769230769,26,1,72,73,-1,3.019230769230769,149726
66408,survival,3.357142857142857,14,1,50,51,-1,3.357142857142857,68911
66408,suspense,3.2916666666666665,24,1,56,57,-1,3.2916666666666665,150819
66408,teen,3.1666666666666665,12,1,67,68,-1,3.1666666666666665,55686
66408,tom cruise,3.1153846153846154,13,1,69,70,-1,3.1153846153846154,51287
66408,crime,3.685185185185185,27,3,27,29,-2,3.685185185185185,187666
66408,powerful ending,3.625,8,3,30,32,-2,3.625,66237
66408,twist ending,3.6724137931034484,29,3,28,30,-2,3.6724137931034484,179375
66408,violence,3.6511627906976742,43,3,29,31,-2,3.6511627906976742,308347
66408,robert de niro,3.7142857142857144,7,3,25,28,-3,3.7142857142857144,36636
66408,drama,3.7413793103448274,29,3,22,26,-4,3.7413793103448274,212989
66408,great ending,3.75,12,3,21,25,-4,3.75,88761
66408,gritty,3.7142857142857144,14,3,23,27,-4,3.7142857142857144,76855
66408,multiple storylines,3.3846153846153846,13,1,46,50,-4,3.3846153846153846,80967
66408,edward norton,3.8,5,3,19,24,-5,3.8,27957
66408,emotional,3.8846153846153846,13,3,12,17,-5,3.8846153846153846,81811
66408,family,3.4,15,1,43,48,-5,3.4,88455
66408,great acting,3.8,20,3,16,21,-5,3.8,163813
66408,mafia,3.8,10,3,17,22,-5,3.8,56285
66408,masterpiece,3.8125,8,3,15,20,-5,3.8125,75580
66408,morgan freeman,3.888888888888889,9,3,11,16,-5,3.888888888888889,57102
66408,nonlinear,3.4,5,1,44,49,-5,3.4,38111
66408,organized crime,3.8529411764705883,17,3,14,19,-5,3.8529411764705883,90562
66408,realistic,3.8,5,3,18,23,-5,3.8,28541
66408,revenge,3.857142857142857,21,3,13,18,-5,3.857142857142857,115055
66408,espionage,3.466666666666667,15,1,38,47,-9,3.466666666666667,62086
66408,apocalypse,3.590909090909091,11,2,34,44,-10,3.590909090909091,51414
66408,good dialogue,4.166666666666667,3,3,4,14,-10,4.166666666666667,23326
66408,martin scorsese,4.25,4,3,2,12,-10,4.25,19412
66408,racism,4.166666666666667,6,3,3,13,-10,4.166666666666667,28254
66408,world war ii,4.0,4,3,5,15,-10,4.0,26326
66408,nudity (topless),3.689655172413793,29,2,26,43,-17,3.689655172413793,143364
66408,boring,3.7142857142857144,7,1,24,46,-22,3.7142857142857144,59311
66408,spy,3.9,5,1,8,45,-37,3.9,25765
73741,war,4.142857142857143,7,4,47,10,37,4.142857142857143,65191
73741,emotional,4.333333333333333,3,4,44,9,35,4.333333333333333,29543
73741,based on a true story,4.5,4,4,35,8,27,4.5,32411
73741,drama,4.75,8,5,32,6,26,4.75,82006
73741,inspirational,4.8,5,5,31,5,26,4.8,45268
73741,tom hanks,4.75,4,5,33,7,26,4.75,33208
73741,family,4.0,1,2,53,42,11,4.0,10053
73741,bittersweet,5.0,2,5,11,3,8,5.0,18674
73741,great ending,4.0,2,2,49,41,8,4.0,22913
73741,true story,5.0,2,5,12,4,8,5.0,16184
73741,classic,4.2,10,2,45,40,5,4.2,104621
73741,epic,4.333333333333333,3,2,43,39,4,4.333333333333333,34144
73741,thought-provoking,5.0,3,5,6,2,4,5.0,36678
73741,violence,4.333333333333333,3,2,42,38,4,4.333333333333333,34607
73741,overrated,4.333333333333333,3,2,39,37,2,4.333333333333333,38682
73741,friendship,4.5,2,2,36,35,1,4.5,23895
73741,historical,5.0,5,5,2,1,1,5.0,43403
73741,prison,4.5,2,2,37,36,1,4.5,18491
73741,action,3.625,8,1,57,57,0,3.625,64109
73741,aliens,3.0,3,1,59,59,0,3.0,28219
73741,anthony hopkins,3.0,1,1,73,73,0,3.0,1780
73741,apocalypse,3.0,1,1,66,66,0,3.0,7470
73741,brad pitt,3.0,1,1,74,74,0,3.0,1780
73741,coen brothers,3.0,1,1,65,65,0,3.0,7682
73741,confusing,3.0,1,1,69,69,0,3.0,5474
73741,espionage,3.0,1,1,70,70,0,3.0,5474
73741,fantasy,3.0,2,1,61,61,0,3.0,20749
73741,harrison ford,3.0,2,1,62,62,0,3.0,20749
73741,humorous,3.5,2,1,58,58,0,3.5,17523
73741,predictable,3.0,1,1,67,67,0,3.0,7470
73741,romance,3.75,4,1,55,55,0,3.75,29600
73741,romantic,4.0,1,1,54,54,0,4.0,2221
73741,sci-fi,3.0,3,1,60,60,0,3.0,28219
73741,science,3.0,1,1,72,72,0,3.0,4139
73741,science fiction,3.0,1,1,64,64,0,3.0,11678
73741,space,3.6666666666666665,3,1,56,56,0,3.6666666666666665,27180
73741,star wars,3.0,2,1,63,63,0,3.0,20749
73741,tom cruise,3.0,1,1,71,71,0,3.0,5474
73741,will smith,3.0,1,1,68,68,0,3.0,7470
73741,black comedy,4.0,2,1,50,51,-1,4.0,20765
73741,dark comedy,4.0,2,1,51,52,-1,4.0,20765
73741,dark humor,4.0,2,1,52,53,-1,4.0,20765
73741,witty,4.0,3,1,48,50,-2,4.0,30818
73741,adventure,4.166666666666667,6,1,46,49,-3,4.166666666666667,53609
73741,black and white,5.0,1,2,24,28,-4,5.0,9753
73741,cult film,5.0,1,2,17,21,-4,5.0,13083
73741,cute,5.0,1,2,28,32,-4,5.0,4133
73741,disturbing,5.0,1,2,25,29,-4,5.0,9753
73741,drugs,5.0,1,2,18,22,-4,5.0,13083
73741,gay,5.0,1,2,29,33,-4,5.0,2803
73741,good dialogue,5.0,1,2,19,23,-4,5.0,13083
73741,morgan freeman,5.0,1,2,15,19,-4,5.0,13842
73741,multiple storylines,5.0,1,2,20,24,-4,5.0,13083
73741,music,5.0,1,2,30,34,-4,5.0,1967
73741,nonlinear,5.0,1,2,21,25,-4,5.0,13083
73741,quentin tarantino,5.0,1,2,22,26,-4,5.0,13083
73741,samuel l. jackson,5.0,1,2,23,27,-4,5.0,13083
73741,stephen king,5.0,1,2,16,20,-4,5.0,13842
73741,steven spielberg,5.0,1,2,26,30,-4,5.0,9753
73741,world war ii,5.0,1,2,27,31,-4,5.0,9753
73741,homosexuality,5.0,2,2,13,18,-5,5.0,15886
73741,crime,4.333333333333333,3,1,41,48,-7,4.333333333333333,34607
73741,feel-good,5.0,2,2,7,14,-7,5.0,27763
73741,quirky,4.333333333333333,3,1,40,47,-7,4.333333333333333,34686
73741,revenge,5.0,2,2,9,16,-7,5.0,22387
73741,suspense,5.0,2,2,10,17,-7,5.0,19514
73741,twist ending,5.0,2,2,8,15,-7,5.0,26925
73741,great soundtrack,4.333333333333333,6,1,38,46,-8,4.333333333333333,71348
73741,history,5.0,4,2,4,12,-8,5.0,38650
73741,touching,5.0,3,2,5,13,-8,5.0,37516
73741,oscar (best picture),5.0,5,2,1,11,-10,5.0,50814
73741,comedy,4.666666666666667,3,1,34,45,-11,4.666666666666667,37057
73741,corruption,5.0,1,1,14,44,-30,5.0,13842
73741,great acting,5.0,3,1,3,43,-40,5.0,40846
132067,beautifully filmed,3.5,4,5,59,22,37,3.5,29731
132067,romance,3.5,37,5,54,21,33,3.5,167162
132067,fantasy,3.5517241379310347,29,5,52,20,32,3.5517241379310347,192340
132067,stylized,3.606382978723404,47,5,48,19,29,3.606382978723404,295197
132067,thought-provoking,3.65625,32,5,44,18,26,3.65625,189008
132067,based on a book,3.693877551020408,49,5,38,16,22,3.693877551020408,270938
132067,surreal,3.689189189189189,37,5,39,17,22,3.689189189189189,193569
132067,great soundtrack,3.7,35,5,36,15,21,3.7,238173
132067,twist ending,3.712121212121212,33,5,35,14,21,3.712121212121212,199186
132067,adventure,3.72972972972973,37,5,32,13,19,3.72972972972973,265131
132067,bittersweet,3.793103448275862,29,5,28,10,18,3.793103448275862,129928
132067,inspirational,3.78125,16,5,29,11,18,3.78125,101125
132067,quirky,3.77027027027027,37,5,30,12,18,3.77027027027027,194788
132067,psychology,3.8378378378378377,37,5,23,9,14,3.8378378378378377,210422
132067,atmospheric,3.8559322033898304,59,5,21,8,13,3.8559322033898304,364146
132067,epic,3.875,16,5,19,7,12,3.875,147098
132067,based on a true story,3.357142857142857,21,3,62,51,11,3.357142857142857,87825
132067,dark comedy,3.9,25,5,17,6,11,3.9,131358
132067,jim carrey,3.15,10,2,65,54,11,3.15,44983
132067,classic,3.918918918918919,37,5,15,5,10,3.918918918918919,287272
132067,nonlinear,3.5,7,3,56,50,6,3.5,49158
132067,black comedy,3.7954545454545454,22,4,27,23,4,3.7954545454545454,100951
132067,magic,4.1,10,5,8,4,4,4.1,72786
132067,visually appealing,3.54,25,3,53,49,4,3.54,131239
132067,friendship,4.111111111111111,18,5,6,3,3,4.111111111111111,118422
132067,great acting,4.14,25,5,5,2,3,4.14,186623
132067,philosophy,3.5714285714285716,14,3,51,48,3,3.5714285714285716,97411
132067,prison,3.5833333333333335,6,3,50,47,3,3.5833333333333335,35326
132067,tom hanks,3.5833333333333335,12,3,49,46,3,3.5833333333333335,76748
132067,great ending,4.277777777777778,9,5,2,1,1,4.277777777777778,82572
132067,social commentary,3.652173913043478,23,3,46,45,1,3.652173913043478,114104
132067,espionage,3.142857142857143,14,1,66,66,0,3.142857142857143,54683
132067,military,3.1,5,1,67,67,0,3.1,26739
132067,remake,3.0,7,1,69,69,0,3.0,31317
132067,strong female lead,3.0,6,1,68,68,0,3.0,36385
132067,spy,3.2,5,1,64,65,-1,3.2,21869
132067,steven spielberg,3.227272727272727,11,1,63,64,-1,3.227272727272727,71322
132067,action,3.3933333333333335,75,1,61,63,-2,3.3933333333333335,448322
132067,hilarious,3.473684210526316,19,1,60,62,-2,3.473684210526316,88726
132067,dreamlike,3.6666666666666665,9,3,41,44,-3,3.6666666666666665,64028
132067,nudity (full frontal),3.5,9,1,58,61,-3,3.5,30583
132067,rape,3.5,6,1,57,60,-3,3.5,48305
132067,nudity (topless),3.5,34,1,55,59,-4,3.5,145095
132067,whimsical,3.7,15,3,37,43,-6,3.7,74876
132067,comedy,3.6549295774647885,71,2,45,53,-8,3.6549295774647885,357774
132067,fantasy world,3.727272727272727,11,3,33,41,-8,3.727272727272727,70624
132067,morgan freeman,3.7142857142857144,7,3,34,42,-8,3.7142857142857144,51885
132067,emotional,3.75,16,3,31,40,-9,3.75,91033
132067,road trip,3.6666666666666665,9,2,42,52,-10,3.6666666666666665,29649
132067,boring,3.611111111111111,9,1,47,58,-11,3.611111111111111,65537
132067,beautiful scenery,3.8333333333333335,3,3,26,39,-13,3.8333333333333335,14131
132067,british comedy,3.8333333333333335,9,3,25,38,-13,3.8333333333333335,33535
132067,satirical,3.8333333333333335,12,3,24,37,-13,3.8333333333333335,70008
132067,drama,3.838235294117647,34,3,22,36,-14,3.838235294117647,245181
132067,funny,3.658333333333333,60,1,43,57,-14,3.658333333333333,320463
132067,stephen king,3.875,4,3,20,35,-15,3.875,26321
132067,crude humor,3.6875,8,1,40,56,-16,3.6875,27804
132067,cult film,3.880952380952381,21,3,18,34,-16,3.880952380952381,157567
132067,sexuality,3.9166666666666665,6,3,16,33,-17,3.9166666666666665,37607
132067,coen brothers,4.0,5,3,13,31,-18,4.0,23199
132067,great dialogue,4.0,4,3,12,30,-18,4.0,29166
132067,memory,4.0,7,3,10,28,-18,4.0,49872
132067,paris,4.0,4,3,11,29,-18,4.0,31880
132067,surrealism,4.0625,8,3,9,27,-18,4.0625,46953
132067,touching,3.9615384615384617,13,3,14,32,-18,3.9615384615384617,81931
132067,excellent script,4.2,10,3,3,25,-22,4.2,76341
132067,kevin spacey,4.166666666666667,6,3,4,26,-22,4.166666666666667,35457
132067,feel-good,4.3125,8,3,1,24,-23,4.3125,65067
132067,quotable,4.1,10,1,7,55,-48,4.1,74380
144545,drama,4.3125,8,5,43,6,37,4.3125,59146
144545,cult film,4.333333333333333,6,5,38,5,33,4.333333333333333,54224
144545,violence,4.384615384615385,13,5,33,4,29,4.384615384615385,104803
144545,inspirational,4.4,5,5,30,3,27,4.4,33995
144545,mental illness,4.416666666666667,6,5,29,2,27,4.416666666666667,44873
144545,cerebral,4.0,2,2,56,38,18,4.0,21782
144545,dark,4.136363636363637,11,2,53,37,16,4.136363636363637,75354
144545,social commentary,4.45,10,4,24,8,16,4.45,60961
144545,black and white,4.166666666666667,3,2,51,36,15,4.166666666666667,17089
144545,great cinematography,4.25,2,2,48,35,13,4.25,9007
144545,atmospheric,4.269230769230769,13,2,45,33,12,4.269230769230769,87599
144545,comedy,4.25,4,2,46,34,12,4.25,35836
144545,classic,4.583333333333333,12,5,11,1,10,4.583333333333333,81253
144545,imdb top 250,4.321428571428571,14,2,42,32,10,4.321428571428571,110752
144545,racism,4.333333333333333,3,2,41,31,10,4.333333333333333,10707
144545,true story,4.375,4,2,36,30,6,4.375,15402
144545,disturbing,4.375,8,2,34,29,5,4.375,43463
144545,psychology,4.5625,8,4,12,7,5,4.5625,62633
144545,based on a true story,4.4,5,2,31,27,4,4.4,23084
144545,quirky,4.388888888888889,9,2,32,28,4,4.388888888888889,59439
144545,powerful ending,4.416666666666667,6,2,27,26,1,4.416666666666667,54274
144545,alternate reality,3.5,3,1,70,70,0,3.5,8271
144545,beautifully filmed,3.5,1,1,71,71,0,3.5,7826
144545,brad pitt,4.0,1,1,59,59,0,4.0,12505
144545,christopher nolan,4.0,1,1,62,62,0,4.0,9277
144545,dreamlike,3.5,4,1,69,69,0,3.5,17086
144545,dreams,3.0,2,1,76,76,0,3.0,11348
144545,edward norton,4.0,2,1,58,58,0,4.0,19087
144545,fairy tale,3.75,2,1,67,67,0,3.75,13308
144545,fantasy,4.0,1,1,64,64,0,4.0,5482
144545,imagination,3.75,2,1,68,68,0,3.75,13308
144545,kevin spacey,4.0,1,1,60,60,0,4.0,9698
144545,love story,3.5,1,1,72,72,0,3.5,7826
144545,memory,4.0,1,1,63,63,0,4.0,9277
144545,mindfuck,4.0,2,1,57,57,0,4.0,21782
144545,paris,3.5,1,1,73,73,0,3.5,7826
144545,romance,3.5,1,1,74,74,0,3.5,7826
144545,serial killer,2.0,1,1,77,77,0,2.0,1650
144545,sexuality,4.0,1,1,61,61,0,4.0,9698
144545,surreal,3.875,8,1,65,65,0,3.875,45628
144545,virtual reality,2.0,1,1,78,78,0,2.0,1650
144545,visually appealing,3.8333333333333335,3,1,66,66,0,3.8333333333333335,17283
144545,whimsical,3.5,1,1,75,75,0,3.5,7826
144545,psychological,4.0,5,1,55,56,-1,4.0,36185
144545,stylized,4.0,11,1,54,55,-1,4.0,71335
144545,friendship,4.5,2,2,20,22,-2,4.5,20424
144545,great ending,4.5,2,2,19,21,-2,4.5,23119
144545,loneliness,4.5,2,2,23,25,-2,4.5,15215
144545,morgan freeman,4.5,2,2,21,23,-2,4.5,17683
144545,music,4.166666666666667,3,1,52,54,-2,4.166666666666667,15374
144545,stanley kubrick,4.5,3,2,22,24,-2,4.5,16284
144545,complicated,4.166666666666667,3,1,49,52,-3,4.166666666666667,24919
144545,surrealism,4.166666666666667,3,1,50,53,-3,4.166666666666667,23540
144545,emotional,4.5,4,2,15,19,-4,4.5,31002
144545,multiple storylines,4.5,4,2,16,20,-4,4.5,29317
144545,satirical,4.25,4,1,47,51,-4,4.25,33339
144545,satire,4.5,5,2,13,18,-5,4.5,39146
144545,black comedy,4.3,5,1,44,50,-6,4.3,40493
144545,dystopia,5.0,1,2,3,11,-8,5.0,6016
144545,heartwarming,5.0,2,2,1,9,-8,5.0,19071
144545,jack nicholson,4.75,2,2,7,15,-8,4.75,9874
144545,martin scorsese,5.0,1,2,4,12,-8,5.0,5517
144545,new york city,5.0,1,2,5,13,-8,5.0,5517
144545,prison,4.666666666666667,3,2,9,17,-8,4.666666666666667,26440
144545,road trip,4.75,2,2,8,16,-8,4.75,8486
144545,robert de niro,5.0,1,2,6,14,-8,5.0,5517
144545,stephen king,5.0,1,2,2,10,-8,5.0,13842
144545,dark comedy,4.333333333333333,6,1,39,48,-9,4.333333333333333,53317
144545,nonlinear,4.333333333333333,3,1,40,49,-9,4.333333333333333,23499
144545,thought-provoking,4.357142857142857,7,1,37,47,-10,4.357142857142857,66288
144545,mystery,4.375,4,1,35,46,-11,4.375,30231
144545,great soundtrack,4.416666666666667,6,1,28,45,-17,4.416666666666667,49506
144545,great acting,4.416666666666667,6,1,26,44,-18,4.416666666666667,62447
144545,twist ending,4.428571428571429,7,1,25,43,-18,4.428571428571429,60557
144545,excellent script,4.5,2,1,18,42,-24,4.5,23540
144545,feel-good,4.5,3,1,17,41,-24,4.5,26897
144545,drugs,4.5,4,1,14,40,-26,4.5,32920
144545,philosophy,4.666666666666667,3,1,10,39,-29,4.666666666666667,24471
158334,morgan freeman,4.0,3,4,76,18,58,4.0,24288
158334,disturbing,4.25,4,5,68,16,52,4.25,30259
158334,sci-fi,4.235294117647059,17,4,69,17,52,4.235294117647059,106673
158334,serial killer,4.333333333333333,3,5,61,15,46,4.333333333333333,24252
158334,dark comedy,4.444444444444445,9,5,53,14,39,4.444444444444445,50203
158334,dystopia,4.5,8,5,43,13,30,4.5,48608
158334,kevin spacey,4.571428571428571,7,5,40,12,28,4.571428571428571,36723
158334,classic,4.642857142857143,28,5,35,11,24,4.642857142857143,203582
158334,sexuality,3.5,2,3,81,57,24,3.5,10306
158334,philosophy,4.0,2,3,77,56,21,4.0,18578
158334,artificial intelligence,4.666666666666667,3,5,30,10,20,4.666666666666667,30604
158334,black comedy,4.75,4,5,27,9,18,4.75,33488
158334,great acting,4.8,10,5,23,6,17,4.8,91254
158334,suspense,4.777777777777778,9,5,24,7,17,4.777777777777778,70092
158334,twist ending,4.75,8,5,25,8,17,4.75,57505
158334,robots,4.2,5,3,71,55,16,4.2,40728
158334,conspiracy,4.25,8,3,66,53,13,4.25,45753
158334,mindfuck,4.25,4,3,67,54,13,4.25,31064
158334,samuel l. jackson,4.333333333333333,3,3,63,51,12,4.333333333333333,18652
158334,time travel,4.333333333333333,3,3,64,52,12,4.333333333333333,18486
158334,action,4.172413793103448,29,2,72,63,9,4.172413793103448,179919
158334,adventure,4.333333333333333,6,3,58,49,9,4.333333333333333,55039
158334,harrison ford,4.333333333333333,6,3,59,50,9,4.333333333333333,47209
158334,cyberpunk,4.4,5,3,55,48,7,4.4,34331
158334,original plot,4.4,5,3,54,47,7,4.4,47892
158334,stephen king,4.5,2,3,50,46,4,4.5,17545
158334,al pacino,4.5,6,3,46,43,3,4.5,24819
158334,alternate reality,4.5,2,3,47,44,3,4.5,18989
158334,nazis,4.5,4,3,45,42,3,4.5,27663
158334,virtual reality,4.5,2,3,48,45,3,4.5,18989
158334,cult film,4.555555555555555,9,3,41,40,1,4.555555555555555,71933
158334,excellent script,5.0,5,5,4,3,1,5.0,47625
158334,future,4.5,6,3,42,41,1,4.5,50541
158334,great ending,5.0,4,5,5,4,1,5.0,36592
158334,organized crime,5.0,7,5,3,2,1,5.0,50369
158334,psychology,5.0,3,5,6,5,1,5.0,34929
158334,batman,2.0,1,1,85,85,0,2.0,2521
158334,comic book,3.3333333333333335,3,1,82,82,0,3.3333333333333335,11623
158334,racism,2.0,1,1,86,86,0,2.0,1405
158334,social commentary,4.333333333333333,6,2,62,62,0,4.333333333333333,23507
158334,thought-provoking,5.0,5,5,1,1,0,5.0,54288
158334,tim burton,3.0,2,1,83,83,0,3.0,6522
158334,will smith,2.6666666666666665,3,1,84,84,0,2.6666666666666665,12604
158334,atmospheric,4.625,16,3,36,37,-1,4.625,138257
158334,car chase,4.0,3,1,78,79,-1,4.0,7406
158334,dark hero,3.5,2,1,80,81,-1,3.5,17298
158334,steven spielberg,4.6,5,3,38,39,-1,4.6,35036
158334,superhero,3.6,5,1,79,80,-1,3.6,18569
158334,violence,4.619047619047619,21,3,37,38,-1,4.619047619047619,166416
158334,cinematography,4.166666666666667,6,1,73,76,-3,4.166666666666667,40713
158334,father-son relationship,4.0,4,1,74,77,-3,4.0,32574
158334,inspirational,4.666666666666667,3,3,32,35,-3,4.666666666666667,23834
158334,plot twist,4.0,3,1,75,78,-3,4.0,30560
158334,psychological,4.666666666666667,3,3,33,36,-3,4.666666666666667,22758
158334,storytelling,4.666666666666667,3,3,31,34,-3,4.666666666666667,26205
158334,aliens,4.222222222222222,9,1,70,75,-5,4.222222222222222,60442
158334,comedy,4.384615384615385,13,2,56,61,-5,4.384615384615385,75637
158334,multiple storylines,4.75,4,3,28,33,-5,4.75,32453
158334,masterpiece,4.75,4,3,26,32,-6,4.75,48209
158334,dark,4.454545454545454,11,2,52,60,-8,4.454545454545454,85751
158334,espionage,4.333333333333333,3,1,65,74,-9,4.333333333333333,10817
158334,friendship,4.5,2,2,49,59,-10,4.5,17545
158334,crime,4.833333333333333,12,3,20,31,-11,4.833333333333333,102374
158334,anthony hopkins,5.0,1,3,14,27,-13,5.0,12046
158334,apocalypse,5.0,1,3,17,30,-13,5.0,8744
158334,based on a true story,4.333333333333333,6,1,60,73,-13,4.333333333333333,30156
158334,brad pitt,5.0,2,3,15,28,-13,5.0,11341
158334,complicated,5.0,2,3,12,25,-13,5.0,13709
158334,good dialogue,5.0,1,3,13,26,-13,5.0,13083
158334,mafia,5.0,5,3,7,20,-13,5.0,34107
158334,nonlinear,5.0,2,3,10,23,-13,5.0,20121
158334,powerful ending,5.0,3,3,8,21,-13,5.0,32581
158334,prison,5.0,1,3,11,24,-13,5.0,13842
158334,quentin tarantino,5.0,3,3,9,22,-13,5.0,22421
158334,surrealism,5.0,1,3,16,29,-13,5.0,9698
158334,funny,4.375,8,1,57,72,-15,4.375,52560
158334,philosophical,5.0,4,3,2,19,-17,5.0,50743
158334,drugs,4.6,5,2,39,58,-19,4.6,28378
158334,oscar (best picture),4.461538461538462,13,1,51,71,-20,4.461538461538462,85824
158334,assassin,4.5,4,1,44,70,-26,4.5,30375
158334,family,4.666666666666667,3,1,34,69,-35,4.666666666666667,17939
158334,epic,4.666666666666667,9,1,29,68,-39,4.666666666666667,87286
158334,drama,4.8,10,1,22,67,-45,4.8,102833
158334,thriller,4.818181818181818,11,1,21,66,-45,4.818181818181818,76413
158334,anti-hero,5.0,1,1,19,65,-46,5.0,4485
158334,biography,5.0,1,1,18,64,-46,5.0,8545
167647,social commentary,4.6,5,5,49,13,36,4.6,26232
167647,dreamlike,4.625,4,5,42,12,30,4.625,33577
167647,thought-provoking,4.642857142857143,7,5,40,11,29,4.642857142857143,55958
167647,visually appealing,4.6,5,4,48,21,27,4.6,31967
167647,philosophy,4.666666666666667,3,5,35,10,25,4.666666666666667,27102
167647,dark comedy,4.666666666666667,6,5,33,9,24,4.666666666666667,42575
167647,twist ending,4.625,4,4,43,20,23,4.625,33525
167647,quirky,4.642857142857143,7,4,41,19,22,4.642857142857143,50387
167647,depressing,4.666666666666667,3,4,38,18,20,4.666666666666667,10078
167647,nonlinear,4.666666666666667,3,4,37,17,20,4.666666666666667,25117
167647,memory,4.5,2,3,57,40,17,4.5,19151
167647,paris,4.5,2,3,58,41,17,4.5,18715
167647,mystery,4.375,4,2,70,55,15,4.375,20572
167647,bittersweet,4.375,4,2,68,54,14,4.375,26741
167647,great acting,4.714285714285714,7,4,29,16,13,4.714285714285714,48053
167647,original plot,4.4,5,2,66,53,13,4.4,46400
167647,psychology,4.75,4,5,21,8,13,4.75,30391
167647,black comedy,4.75,4,5,19,7,12,4.75,32222
167647,excellent script,4.5,2,2,60,48,12,4.5,14711
167647,feel-good,4.5,3,2,61,49,12,4.5,13463
167647,good dialogue,4.5,1,2,62,50,12,4.5,13083
167647,quentin tarantino,4.5,1,2,63,51,12,4.5,13083
167647,samuel l. jackson,4.5,1,2,64,52,12,4.5,13083
167647,stylized,4.75,6,5,17,6,11,4.75,48459
167647,surreal,4.75,10,5,16,5,11,4.75,68945
167647,disturbing,4.833333333333333,3,5,14,4,10,4.833333333333333,16085
167647,intense,4.6,5,3,47,39,8,4.6,37316
167647,romance,4.875,4,5,10,3,7,4.875,25081
167647,psychological,4.625,4,3,44,38,6,4.625,24980
167647,mindfuck,4.75,4,4,18,15,3,4.75,32837
167647,music,4.571428571428571,7,2,50,47,3,4.571428571428571,47948
167647,good acting,4.666666666666667,3,3,39,37,2,4.666666666666667,9210
167647,jim carrey,5.0,2,5,3,2,1,5.0,16213
167647,acting,4.0,2,1,83,83,0,4.0,2953
167647,alternate reality,4.6,5,2,46,46,0,4.6,37349
167647,animation,4.166666666666667,3,1,76,76,0,4.166666666666667,18254
167647,clever,4.0,2,1,80,80,0,4.0,13291
167647,cute,4.25,2,1,75,75,0,4.25,15833
167647,disney,3.5,1,1,86,86,0,3.5,8007
167647,epic,4.25,2,1,74,74,0,4.25,22964
167647,funny,4.0,3,1,79,79,0,4.0,23492
167647,great ending,4.0,1,1,84,84,0,4.0,2198
167647,high school,4.0,1,1,82,82,0,4.0,5013
167647,hilarious,3.75,2,1,85,85,0,3.75,13020
167647,intellectual,4.25,2,1,73,73,0,4.25,23972
167647,leonardo dicaprio,4.0,1,1,81,81,0,4.0,10889
167647,nudity (topless),4.166666666666667,3,1,77,77,0,4.166666666666667,15868
167647,original,4.25,6,1,72,72,0,4.25,43888
167647,pixar,3.5,1,1,87,87,0,3.5,8007
167647,realistic,4.166666666666667,3,1,78,78,0,4.166666666666667,3498
167647,surrealism,5.0,4,5,1,1,0,5.0,31521
167647,thriller,4.3,5,1,71,71,0,4.3,34664
167647,plot twist,4.375,4,1,69,70,-1,4.375,23545
167647,dark,4.666666666666667,6,3,34,36,-2,4.666666666666667,41026
167647,drugs,4.833333333333333,3,4,12,14,-2,4.833333333333333,28286
167647,witty,4.4,5,1,67,69,-2,4.4,32155
167647,classic,4.7,5,3,31,34,-3,4.7,25333
167647,great soundtrack,4.444444444444445,9,1,65,68,-3,4.444444444444445,65683
167647,tense,4.7,5,3,32,35,-3,4.7,23141
167647,masterpiece,4.75,2,3,26,32,-6,4.75,16593
167647,revenge,4.75,2,3,27,33,-6,4.75,10580
167647,adventure,4.5,2,1,59,67,-8,4.5,18550
167647,whimsical,4.75,4,3,22,31,-9,4.75,23808
167647,comedy,4.5,6,1,51,61,-10,4.5,51889
167647,coming of age,4.5,4,1,53,63,-10,4.5,27767
167647,complicated,4.5,2,1,56,66,-10,4.5,19151
167647,notable soundtrack,4.5,4,1,52,62,-10,4.5,29694
167647,satire,4.5,3,1,54,64,-10,4.5,25183
167647,sci-fi,4.5,3,1,55,65,-10,4.5,23670
167647,fantasy,4.6,5,1,45,60,-15,4.6,45652
167647,hallucinatory,4.833333333333333,3,3,15,30,-15,4.833333333333333,16028
167647,atmospheric,4.722222222222222,9,2,28,45,-17,4.722222222222222,66885
167647,cinematography,4.833333333333333,6,3,11,29,-18,4.833333333333333,35615
167647,black and white,5.0,1,3,9,28,-19,5.0,3510
167647,dystopia,5.0,1,3,8,27,-19,5.0,7951
167647,emotional,5.0,2,3,5,24,-19,5.0,13767
167647,inspirational,5.0,2,3,6,25,-19,5.0,11893
167647,kevin spacey,5.0,1,3,7,26,-19,5.0,9698
167647,sexuality,5.0,2,3,4,23,-19,5.0,15433
167647,beautifully filmed,4.75,2,2,24,44,-20,4.75,19901
167647,melancholy,5.0,3,3,2,22,-20,5.0,19723
167647,multiple storylines,4.75,2,2,23,43,-20,4.75,22781
167647,magic,4.666666666666667,3,1,36,59,-23,4.666666666666667,26376
167647,cult film,4.7,5,1,30,58,-28,4.7,39919
167647,violence,4.833333333333333,3,2,13,42,-29,4.833333333333333,26599
167647,based on a book,4.75,2,1,25,57,-32,4.75,17580
167647,dark humor,4.75,4,1,20,56,-36,4.75,32222
189485,based on a true story,4.071428571428571,7,5,54,8,46,4.071428571428571,46303
189485,multiple storylines,4.1,5,5,50,7,43,4.1,50411
189485,classic,4.142857142857143,21,4,47,9,38,4.142857142857143,156762
189485,crime,4.166666666666667,9,5,43,6,37,4.166666666666667,71780
189485,british comedy,3.0,1,2,89,53,36,3.0,3172
189485,family,3.875,4,3,71,41,30,3.875,31194
189485,stylized,4.28125,16,5,33,5,28,4.28125,132965
189485,new york city,4.0,3,3,65,40,25,4.0,21396
189485,animation,3.75,6,2,74,52,22,3.75,34142
189485,tom hanks,4.0,6,3,61,39,22,4.0,44960
189485,action,3.911764705882353,17,2,68,51,17,3.911764705882353,140175
189485,social commentary,4.464285714285714,14,5,19,4,15,4.464285714285714,64764
189485,documentary,4.5,4,5,17,3,14,4.5,9232
189485,heartwarming,4.125,4,3,48,38,10,4.125,25984
189485,biography,4.166666666666667,6,3,45,37,8,4.166666666666667,42583
189485,drama,4.045454545454546,11,2,58,50,8,4.045454545454546,98048
189485,drugs,4.5,5,5,10,2,8,4.5,37177
189485,nonlinear,4.5,4,5,9,1,8,4.5,39061
189485,romance,4.055555555555555,9,2,57,49,8,4.055555555555555,64384
189485,bittersweet,4.083333333333333,6,2,52,47,5,4.083333333333333,47381
189485,sci-fi,4.083333333333333,6,2,51,46,5,4.083333333333333,50888
189485,true story,4.083333333333333,6,2,53,48,5,4.083333333333333,37847
189485,quirky,4.239130434782608,23,3,38,35,3,4.239130434782608,141601
189485,thought-provoking,4.230769230769231,13,3,39,36,3,4.230769230769231,103046
189485,good dialogue,4.25,2,3,35,34,1,4.25,17029
189485,great acting,4.15,10,2,46,45,1,4.15,90768
189485,quentin tarantino,4.25,2,3,34,33,1,4.25,21522
189485,black comedy,4.166666666666667,9,2,44,44,0,4.166666666666667,55023
189485,humor,3.0,1,1,90,90,0,3.0,3172
189485,scarlett johansson,3.0,1,1,92,92,0,3.0,1564
189485,space,3.0,1,1,91,91,0,3.0,3172
189485,absurd,3.0,1,1,88,89,-1,3.0,3172
189485,al pacino,3.25,2,1,85,86,-1,3.25,16034
189485,disney,3.625,4,1,79,80,-1,3.625,29555
189485,epic,3.5,9,1,80,81,-1,3.5,96406
189485,fantasy world,3.3333333333333335,3,1,83,84,-1,3.3333333333333335,34795
189485,historical,3.7,5,1,77,78,-1,3.7,40748
189485,jim carrey,3.25,4,1,84,85,-1,3.25,21128
189485,leonardo dicaprio,3.25,2,1,86,87,-1,3.25,14443
189485,love story,3.5,2,1,82,83,-1,3.5,15056
189485,mafia,3.75,4,1,75,76,-1,3.75,30911
189485,organized crime,3.6666666666666665,3,1,78,79,-1,3.6666666666666665,29117
189485,oscar (best picture),3.7222222222222223,9,1,76,77,-1,3.7222222222222223,82337
189485,robert de niro,3.5,3,1,81,82,-1,3.5,17828
189485,slow,3.1666666666666665,3,1,87,88,-1,3.1666666666666665,20067
189485,alternate reality,4.333333333333333,3,3,29,31,-2,4.333333333333333,25445
189485,clever,3.8333333333333335,3,1,72,74,-2,3.8333333333333335,24122
189485,disturbing,4.214285714285714,7,2,41,43,-2,4.214285714285714,49894
189485,magic,3.75,6,1,73,75,-2,3.75,55831
189485,racism,4.375,4,3,27,29,-2,4.375,13691
189485,touching,4.333333333333333,3,3,28,30,-2,4.333333333333333,31936
189485,violence,4.321428571428571,14,3,30,32,-2,4.321428571428571,122147
189485,based on a book,3.911764705882353,17,1,69,72,-3,3.911764705882353,139478
189485,cult film,4.458333333333333,12,3,20,23,-3,4.458333333333333,105476
189485,dark comedy,4.4,10,3,22,25,-3,4.4,65904
189485,emotional,4.375,4,3,24,27,-3,4.375,35502
189485,fantasy,3.888888888888889,9,1,70,73,-3,3.888888888888889,79308
189485,inspirational,4.375,4,3,25,28,-3,4.375,31262
189485,philosophy,4.4,5,3,23,26,-3,4.4,49147
189485,psychology,4.4,10,3,21,24,-3,4.4,74644
189485,adventure,3.9166666666666665,12,1,67,71,-4,3.9166666666666665,112087
189485,great ending,4.0,2,1,66,70,-4,4.0,20708
189485,beautifully filmed,4.0,3,1,64,69,-5,4.0,28340
189485,humorous,4.0,4,1,63,68,-5,4.0,30940
189485,whimsical,4.0,6,1,62,67,-5,4.0,35589
189485,artificial intelligence,4.5,1,3,13,19,-6,4.5,14777
189485,atmospheric,4.029411764705882,17,1,59,65,-6,4.029411764705882,156470
189485,cinematography,4.0,8,1,60,66,-6,4.0,52748
189485,cyberpunk,4.5,1,3,14,20,-6,4.5,14777
189485,dystopia,4.5,2,3,11,17,-6,4.5,20793
189485,mystery,4.5,3,3,12,18,-6,4.5,19653
189485,samuel l. jackson,4.5,1,3,16,22,-6,4.5,13083
189485,virtual reality,4.5,1,3,15,21,-6,4.5,14777
189485,comedy,4.06,25,1,56,64,-8,4.06,158987
189485,great soundtrack,4.066666666666666,15,1,55,63,-8,4.066666666666666,128270
189485,philosophical,4.5,4,3,7,15,-8,4.5,48627
189485,psychological,4.5,5,3,8,16,-8,4.5,41401
189485,christopher nolan,5.0,1,3,1,10,-9,5.0,9277
189485,complicated,4.625,4,3,4,13,-9,4.625,36910
189485,great cinematography,4.75,2,3,3,12,-9,4.75,9007
189485,memory,4.75,2,3,2,11,-9,4.75,17539
189485,mindfuck,4.583333333333333,6,3,5,14,-9,4.583333333333333,59220
189485,twist ending,4.285714285714286,7,2,32,42,-10,4.285714285714286,55330
189485,dreams,4.125,4,1,49,62,-13,4.125,25624
189485,witty,4.2,10,1,42,61,-19,4.2,59030
189485,imdb top 250,4.214285714285714,21,1,40,60,-20,4.214285714285714,183163
189485,hilarious,4.25,2,1,37,59,-22,4.25,12927
189485,reflective,4.25,2,1,36,58,-22,4.25,14200
189485,surreal,4.291666666666667,12,1,31,57,-26,4.291666666666667,84311
189485,boring,4.375,4,1,26,56,-30,4.375,27458
189485,musical,4.5,1,1,18,55,-37,4.5,4248
189485,overrated,4.5,5,1,6,54,-48,4.5,57447
999999,friendship,3.75,2,5,23,7,16,3.75,7026
999999,fantasy,3.75,4,5,18,4,14,3.75,18455
999999,pixar,3.75,4,5,19,5,14,3.75,14281
999999,predictable,3.75,4,5,20,6,14,3.75,14192
999999,cute,3.8333333333333335,3,5,16,3,13,3.8333333333333335,11380
999999,social commentary,3.8333333333333335,3,5,15,2,13,3.8333333333333335,12996
999999,anti-hero,3.5,1,2,41,34,7,3.5,3638
999999,martial arts,3.5,1,2,42,35,7,3.5,3638
999999,adventure,4.0,3,5,7,1,6,4.0,11547
999999,aliens,3.5,1,2,36,30,6,3.5,7343
999999,beautiful scenery,3.5,1,2,37,31,6,3.5,7343
999999,funny,3.8333333333333335,6,4,14,8,6,3.8333333333333335,22003
999999,futuristic,3.5,1,2,38,32,6,3.5,7343
999999,sci-fi,3.5,1,2,39,33,6,3.5,7343
999999,music,3.5,5,2,32,27,5,3.5,14331
999999,racism,3.5,2,2,34,29,5,3.5,10205
999999,visually stunning,3.5,3,2,33,28,5,3.5,10795
999999,animation,3.5416666666666665,12,2,30,26,4,3.5416666666666665,34191
999999,based on a book,3.75,2,3,24,22,2,3.75,6258
999999,bittersweet,3.75,2,3,25,23,2,3.75,6066
999999,fantasy world,3.75,2,3,22,21,1,3.75,8249
999999,great soundtrack,3.6666666666666665,3,2,26,25,1,3.6666666666666665,5028
999999,disney,3.4,10,1,43,43,0,3.4,23587
999999,fairy tale,3.25,2,1,44,44,0,3.25,3873
999999,romance,3.1666666666666665,3,1,45,45,0,3.1666666666666665,10534
999999,romantic comedy,3.0,1,1,47,47,0,3.0,600
999999,twist ending,3.0,1,1,46,46,0,3.0,1290
999999,strong female lead,3.5,3,1,40,42,-2,3.5,5741
999999,thought-provoking,3.75,2,2,21,24,-3,3.75,11697
999999,mythology,3.5,2,1,35,41,-6,3.5,9068
999999,death,4.0,1,3,11,18,-7,4.0,2095
999999,family,3.9,5,3,13,20,-7,3.9,12566
999999,feminism,4.0,1,3,10,17,-7,4.0,2726
999999,heartwarming,4.0,1,3,12,19,-7,4.0,2095
999999,imaginative,4.0,1,3,8,15,-7,4.0,4354
999999,psychology,4.0,1,3,9,16,-7,4.0,4354
999999,black comedy,4.5,1,3,1,9,-8,4.5,2791
999999,coming of age,4.0,3,3,6,14,-8,4.0,11737
999999,dark comedy,4.5,1,3,2,10,-8,4.5,2791
999999,intelligent,4.5,1,3,3,11,-8,4.5,2791
999999,intense,4.5,1,3,4,12,-8,4.5,2791
999999,twists & turns,4.5,1,3,5,13,-8,4.5,2791
999999,beautiful,3.5,4,1,31,40,-9,3.5,16013
999999,magic,3.625,4,1,27,37,-10,3.625,10446
999999,musical,3.5555555555555554,9,1,29,39,-10,3.5555555555555554,15228
999999,visually appealing,3.5833333333333335,6,1,28,38,-10,3.5833333333333335,15763
999999,comedy,3.8333333333333335,3,1,17,36,-19,3.8333333333333335,9012
